2026-08-12 16:50:24,109 | INFO | MainThread | logging to runs/run_20260812_165024_lora_train_FacebookAI_roberta-base.log
2026-08-12 16:50:24,109 | INFO | MainThread | config: {'train': 'public_data_dev/train.jsonl', 'dev': 'public_data_dev/dev.jsonl', 'model': 'FacebookAI/roberta-base', 'local': False, 'context': 'full', 'df_path': None, 'lean_prompt': False, 'max_length': 512, 'epochs': 200, 'batch_size': 16, 'grad_accum_steps': 1, 'lr': 0.0002, 'warmup_ratio': 0.0, 'lora_r': 64, 'lora_alpha': 128, 'lora_dropout': 0.1, 'target_modules': 'query,value', 'st2_loss_weight': 1.0, 'st3_loss_weight': 2.0, 'pos_weight': True, 'threshold': 0.5, 'no_curriculum': False, 'curriculum_floor': 0.1, 'sample_size': None, 'seed': 42, 'device': None, 'output_dir': 'runs/lora_legalbert', 'no_wandb': True} device=cuda
2026-08-12 16:50:24,207 | INFO | MainThread | train=2353 dev=504
2026-08-12 16:52:01,504 | INFO | MainThread | epoch 1: mean train loss = 3.9811
2026-08-12 16:52:09,911 | INFO | MainThread | epoch 1 dev metrics (tuned thresholds): st1_macro_f1=0.515, st2_macro_f1=0.443, st3_macro_f1=0.403, st3_family_macro_f1=0.434, mean_macro_f1=0.454
2026-08-12 16:52:09,912 | INFO | MainThread | epoch 1 dev st1 per-label F1: digital_content_or_services=0.753, none=0.000, physical_goods=0.761, physical_services=0.545
2026-08-12 16:52:09,912 | INFO | MainThread | epoch 1 dev st2 per-label F1: apps=0.735, creator_community=0.361, education=0.345, fashion=0.488, financial=0.500, food=0.678, gambling=0.057, gambling_adjacent=0.282, hardware_electronics=0.702, health=0.677, other=0.367, toys=0.129
2026-08-12 16:52:09,912 | INFO | MainThread | epoch 1 dev st3 per-label F1: age_restricted_or_prohibited_product=0.209, direct_exhortation=0.304, hfss_food_marketing=0.444, inadequate_disclosure=0.213, insufficient_context=0.615, misleading_claim=0.555, no_flag=0.464, undisclosed_advertising=0.419
2026-08-12 16:52:09,912 | INFO | MainThread | epoch 1 dev st3_family per-label F1: content=0.571, disclosure=0.429, housekeeping=0.473, product=0.264
2026-08-12 16:52:09,949 | INFO | MainThread | epoch 1: new best mean_macro_f1=0.454, saved to runs/lora_legalbert/best
2026-08-12 16:53:45,837 | INFO | MainThread | epoch 2: mean train loss = 2.7651
2026-08-12 16:53:54,398 | INFO | MainThread | epoch 2 dev metrics (tuned thresholds): st1_macro_f1=0.601, st2_macro_f1=0.591, st3_macro_f1=0.467, st3_family_macro_f1=0.522, mean_macro_f1=0.553
2026-08-12 16:53:54,399 | INFO | MainThread | epoch 2 dev st1 per-label F1: digital_content_or_services=0.883, none=0.000, physical_goods=0.856, physical_services=0.667
2026-08-12 16:53:54,399 | INFO | MainThread | epoch 2 dev st2 per-label F1: apps=0.754, creator_community=0.417, education=0.667, fashion=0.615, financial=0.667, food=0.800, gambling=0.500, gambling_adjacent=0.400, hardware_electronics=0.785, health=0.807, other=0.458, toys=0.229
2026-08-12 16:53:54,399 | INFO | MainThread | epoch 2 dev st3 per-label F1: age_restricted_or_prohibited_product=0.272, direct_exhortation=0.333, hfss_food_marketing=0.500, inadequate_disclosure=0.282, insufficient_context=0.625, misleading_claim=0.711, no_flag=0.500, undisclosed_advertising=0.516
2026-08-12 16:53:54,400 | INFO | MainThread | epoch 2 dev st3_family per-label F1: content=0.711, disclosure=0.523, housekeeping=0.506, product=0.349
2026-08-12 16:53:54,426 | INFO | MainThread | epoch 2: new best mean_macro_f1=0.553, saved to runs/lora_legalbert/best
2026-08-12 16:55:30,398 | INFO | MainThread | epoch 3: mean train loss = 2.3719
2026-08-12 16:55:40,294 | INFO | MainThread | epoch 3 dev metrics (tuned thresholds): st1_macro_f1=0.628, st2_macro_f1=0.614, st3_macro_f1=0.457, st3_family_macro_f1=0.552, mean_macro_f1=0.566
2026-08-12 16:55:40,294 | INFO | MainThread | epoch 3 dev st1 per-label F1: digital_content_or_services=0.855, none=0.133, physical_goods=0.841, physical_services=0.684
2026-08-12 16:55:40,294 | INFO | MainThread | epoch 3 dev st2 per-label F1: apps=0.740, creator_community=0.416, education=0.522, fashion=0.556, financial=0.667, food=0.830, gambling=0.833, gambling_adjacent=0.476, hardware_electronics=0.773, health=0.754, other=0.497, toys=0.308
2026-08-12 16:55:40,294 | INFO | MainThread | epoch 3 dev st3 per-label F1: age_restricted_or_prohibited_product=0.455, direct_exhortation=0.280, hfss_food_marketing=0.286, inadequate_disclosure=0.256, insufficient_context=0.667, misleading_claim=0.721, no_flag=0.504, undisclosed_advertising=0.484
2026-08-12 16:55:40,294 | INFO | MainThread | epoch 3 dev st3_family per-label F1: content=0.702, disclosure=0.486, housekeeping=0.511, product=0.509
2026-08-12 16:55:40,318 | INFO | MainThread | epoch 3: new best mean_macro_f1=0.566, saved to runs/lora_legalbert/best
2026-08-12 16:57:15,754 | INFO | MainThread | epoch 4: mean train loss = 2.0894
2026-08-12 16:57:24,214 | INFO | MainThread | epoch 4 dev metrics (tuned thresholds): st1_macro_f1=0.632, st2_macro_f1=0.633, st3_macro_f1=0.477, st3_family_macro_f1=0.565, mean_macro_f1=0.581
2026-08-12 16:57:24,214 | INFO | MainThread | epoch 4 dev st1 per-label F1: digital_content_or_services=0.867, none=0.133, physical_goods=0.861, physical_services=0.667
2026-08-12 16:57:24,214 | INFO | MainThread | epoch 4 dev st2 per-label F1: apps=0.750, creator_community=0.459, education=0.529, fashion=0.531, financial=0.703, food=0.826, gambling=0.833, gambling_adjacent=0.500, hardware_electronics=0.767, health=0.750, other=0.548, toys=0.400
2026-08-12 16:57:24,215 | INFO | MainThread | epoch 4 dev st3 per-label F1: age_restricted_or_prohibited_product=0.426, direct_exhortation=0.310, hfss_food_marketing=0.381, inadequate_disclosure=0.278, insufficient_context=0.667, misleading_claim=0.710, no_flag=0.500, undisclosed_advertising=0.544
2026-08-12 16:57:24,215 | INFO | MainThread | epoch 4 dev st3_family per-label F1: content=0.691, disclosure=0.525, housekeeping=0.514, product=0.528
2026-08-12 16:57:24,230 | INFO | MainThread | epoch 4: new best mean_macro_f1=0.581, saved to runs/lora_legalbert/best
2026-08-12 16:58:59,089 | INFO | MainThread | epoch 5: mean train loss = 1.9570
2026-08-12 16:59:07,453 | INFO | MainThread | epoch 5 dev metrics (tuned thresholds): st1_macro_f1=0.633, st2_macro_f1=0.616, st3_macro_f1=0.487, st3_family_macro_f1=0.567, mean_macro_f1=0.578
2026-08-12 16:59:07,453 | INFO | MainThread | epoch 5 dev st1 per-label F1: digital_content_or_services=0.843, none=0.133, physical_goods=0.839, physical_services=0.714
2026-08-12 16:59:07,453 | INFO | MainThread | epoch 5 dev st2 per-label F1: apps=0.739, creator_community=0.506, education=0.593, fashion=0.495, financial=0.667, food=0.813, gambling=0.909, gambling_adjacent=0.410, hardware_electronics=0.820, health=0.687, other=0.503, toys=0.250
2026-08-12 16:59:07,453 | INFO | MainThread | epoch 5 dev st3 per-label F1: age_restricted_or_prohibited_product=0.450, direct_exhortation=0.326, hfss_food_marketing=0.444, inadequate_disclosure=0.282, insufficient_context=0.667, misleading_claim=0.698, no_flag=0.501, undisclosed_advertising=0.528
2026-08-12 16:59:07,453 | INFO | MainThread | epoch 5 dev st3_family per-label F1: content=0.665, disclosure=0.546, housekeeping=0.513, product=0.542
2026-08-12 17:00:42,325 | INFO | MainThread | epoch 6: mean train loss = 1.7505
2026-08-12 17:00:52,054 | INFO | MainThread | epoch 6 dev metrics (tuned thresholds): st1_macro_f1=0.593, st2_macro_f1=0.607, st3_macro_f1=0.479, st3_family_macro_f1=0.555, mean_macro_f1=0.560
2026-08-12 17:00:52,054 | INFO | MainThread | epoch 6 dev st1 per-label F1: digital_content_or_services=0.861, none=0.000, physical_goods=0.844, physical_services=0.667
2026-08-12 17:00:52,054 | INFO | MainThread | epoch 6 dev st2 per-label F1: apps=0.736, creator_community=0.447, education=0.571, fashion=0.532, financial=0.667, food=0.810, gambling=0.727, gambling_adjacent=0.378, hardware_electronics=0.793, health=0.730, other=0.492, toys=0.400
2026-08-12 17:00:52,054 | INFO | MainThread | epoch 6 dev st3 per-label F1: age_restricted_or_prohibited_product=0.353, direct_exhortation=0.310, hfss_food_marketing=0.444, inadequate_disclosure=0.263, insufficient_context=0.737, misleading_claim=0.686, no_flag=0.530, undisclosed_advertising=0.507
2026-08-12 17:00:52,054 | INFO | MainThread | epoch 6 dev st3_family per-label F1: content=0.684, disclosure=0.520, housekeeping=0.540, product=0.476
2026-08-12 17:02:26,779 | INFO | MainThread | epoch 7: mean train loss = 1.5576
2026-08-12 17:02:35,131 | INFO | MainThread | epoch 7 dev metrics (tuned thresholds): st1_macro_f1=0.617, st2_macro_f1=0.599, st3_macro_f1=0.497, st3_family_macro_f1=0.593, mean_macro_f1=0.571
2026-08-12 17:02:35,131 | INFO | MainThread | epoch 7 dev st1 per-label F1: digital_content_or_services=0.868, none=0.000, physical_goods=0.857, physical_services=0.744
2026-08-12 17:02:35,131 | INFO | MainThread | epoch 7 dev st2 per-label F1: apps=0.732, creator_community=0.447, education=0.593, fashion=0.495, financial=0.667, food=0.870, gambling=0.727, gambling_adjacent=0.389, hardware_electronics=0.770, health=0.673, other=0.472, toys=0.348
2026-08-12 17:02:35,131 | INFO | MainThread | epoch 7 dev st3 per-label F1: age_restricted_or_prohibited_product=0.400, direct_exhortation=0.305, hfss_food_marketing=0.429, inadequate_disclosure=0.336, insufficient_context=0.667, misleading_claim=0.776, no_flag=0.548, undisclosed_advertising=0.513
2026-08-12 17:02:35,131 | INFO | MainThread | epoch 7 dev st3_family per-label F1: content=0.765, disclosure=0.589, housekeeping=0.554, product=0.465
2026-08-12 17:04:09,949 | INFO | MainThread | epoch 8: mean train loss = 1.4618
2026-08-12 17:04:18,282 | INFO | MainThread | epoch 8 dev metrics (tuned thresholds): st1_macro_f1=0.599, st2_macro_f1=0.624, st3_macro_f1=0.517, st3_family_macro_f1=0.615, mean_macro_f1=0.580
2026-08-12 17:04:18,282 | INFO | MainThread | epoch 8 dev st1 per-label F1: digital_content_or_services=0.858, none=0.000, physical_goods=0.841, physical_services=0.696
2026-08-12 17:04:18,283 | INFO | MainThread | epoch 8 dev st2 per-label F1: apps=0.742, creator_community=0.424, education=0.640, fashion=0.602, financial=0.698, food=0.848, gambling=0.667, gambling_adjacent=0.370, hardware_electronics=0.800, health=0.750, other=0.552, toys=0.400
2026-08-12 17:04:18,283 | INFO | MainThread | epoch 8 dev st3 per-label F1: age_restricted_or_prohibited_product=0.467, direct_exhortation=0.317, hfss_food_marketing=0.400, inadequate_disclosure=0.395, insufficient_context=0.667, misleading_claim=0.771, no_flag=0.567, undisclosed_advertising=0.554
2026-08-12 17:04:18,283 | INFO | MainThread | epoch 8 dev st3_family per-label F1: content=0.758, disclosure=0.641, housekeeping=0.574, product=0.488
2026-08-12 17:05:53,168 | INFO | MainThread | epoch 9: mean train loss = 1.3164
2026-08-12 17:06:01,510 | INFO | MainThread | epoch 9 dev metrics (tuned thresholds): st1_macro_f1=0.606, st2_macro_f1=0.640, st3_macro_f1=0.502, st3_family_macro_f1=0.587, mean_macro_f1=0.583
2026-08-12 17:06:01,510 | INFO | MainThread | epoch 9 dev st1 per-label F1: digital_content_or_services=0.863, none=0.000, physical_goods=0.851, physical_services=0.711
2026-08-12 17:06:01,510 | INFO | MainThread | epoch 9 dev st2 per-label F1: apps=0.746, creator_community=0.487, education=0.615, fashion=0.559, financial=0.750, food=0.835, gambling=0.727, gambling_adjacent=0.400, hardware_electronics=0.813, health=0.784, other=0.557, toys=0.400
2026-08-12 17:06:01,510 | INFO | MainThread | epoch 9 dev st3 per-label F1: age_restricted_or_prohibited_product=0.378, direct_exhortation=0.318, hfss_food_marketing=0.353, inadequate_disclosure=0.341, insufficient_context=0.750, misleading_claim=0.758, no_flag=0.551, undisclosed_advertising=0.566
2026-08-12 17:06:01,510 | INFO | MainThread | epoch 9 dev st3_family per-label F1: content=0.741, disclosure=0.601, housekeeping=0.562, product=0.444
2026-08-12 17:06:01,530 | INFO | MainThread | epoch 9: new best mean_macro_f1=0.583, saved to runs/lora_legalbert/best
2026-08-12 17:07:36,159 | INFO | MainThread | epoch 10: mean train loss = 1.2357
2026-08-12 17:07:45,894 | INFO | MainThread | epoch 10 dev metrics (tuned thresholds): st1_macro_f1=0.596, st2_macro_f1=0.623, st3_macro_f1=0.521, st3_family_macro_f1=0.598, mean_macro_f1=0.580
2026-08-12 17:07:45,894 | INFO | MainThread | epoch 10 dev st1 per-label F1: digital_content_or_services=0.876, none=0.000, physical_goods=0.854, physical_services=0.654
2026-08-12 17:07:45,894 | INFO | MainThread | epoch 10 dev st2 per-label F1: apps=0.745, creator_community=0.455, education=0.615, fashion=0.504, financial=0.683, food=0.848, gambling=0.727, gambling_adjacent=0.375, hardware_electronics=0.819, health=0.748, other=0.553, toys=0.400
2026-08-12 17:07:45,894 | INFO | MainThread | epoch 10 dev st3 per-label F1: age_restricted_or_prohibited_product=0.483, direct_exhortation=0.319, hfss_food_marketing=0.500, inadequate_disclosure=0.322, insufficient_context=0.800, misleading_claim=0.675, no_flag=0.537, undisclosed_advertising=0.529
2026-08-12 17:07:45,894 | INFO | MainThread | epoch 10 dev st3_family per-label F1: content=0.667, disclosure=0.620, housekeeping=0.548, product=0.556
2026-08-12 17:09:20,550 | INFO | MainThread | epoch 11: mean train loss = 1.1235
2026-08-12 17:09:28,890 | INFO | MainThread | epoch 11 dev metrics (tuned thresholds): st1_macro_f1=0.678, st2_macro_f1=0.630, st3_macro_f1=0.547, st3_family_macro_f1=0.636, mean_macro_f1=0.618
2026-08-12 17:09:28,890 | INFO | MainThread | epoch 11 dev st1 per-label F1: digital_content_or_services=0.881, none=0.222, physical_goods=0.868, physical_services=0.739
2026-08-12 17:09:28,890 | INFO | MainThread | epoch 11 dev st2 per-label F1: apps=0.755, creator_community=0.490, education=0.571, fashion=0.527, financial=0.667, food=0.826, gambling=0.727, gambling_adjacent=0.389, hardware_electronics=0.830, health=0.811, other=0.543, toys=0.421
2026-08-12 17:09:28,890 | INFO | MainThread | epoch 11 dev st3 per-label F1: age_restricted_or_prohibited_product=0.444, direct_exhortation=0.324, hfss_food_marketing=0.400, inadequate_disclosure=0.364, insufficient_context=0.923, misleading_claim=0.760, no_flag=0.604, undisclosed_advertising=0.555
2026-08-12 17:09:28,891 | INFO | MainThread | epoch 11 dev st3_family per-label F1: content=0.761, disclosure=0.654, housekeeping=0.618, product=0.512
2026-08-12 17:09:28,907 | INFO | MainThread | epoch 11: new best mean_macro_f1=0.618, saved to runs/lora_legalbert/best
2026-08-12 17:11:03,837 | INFO | MainThread | epoch 12: mean train loss = 1.0476
2026-08-12 17:11:12,204 | INFO | MainThread | epoch 12 dev metrics (tuned thresholds): st1_macro_f1=0.683, st2_macro_f1=0.610, st3_macro_f1=0.527, st3_family_macro_f1=0.612, mean_macro_f1=0.607
2026-08-12 17:11:12,204 | INFO | MainThread | epoch 12 dev st1 per-label F1: digital_content_or_services=0.864, none=0.316, physical_goods=0.842, physical_services=0.711
2026-08-12 17:11:12,204 | INFO | MainThread | epoch 12 dev st2 per-label F1: apps=0.738, creator_community=0.500, education=0.560, fashion=0.480, financial=0.667, food=0.825, gambling=0.727, gambling_adjacent=0.353, hardware_electronics=0.815, health=0.804, other=0.500, toys=0.348
2026-08-12 17:11:12,205 | INFO | MainThread | epoch 12 dev st3 per-label F1: age_restricted_or_prohibited_product=0.533, direct_exhortation=0.342, hfss_food_marketing=0.353, inadequate_disclosure=0.419, insufficient_context=0.750, misleading_claim=0.758, no_flag=0.561, undisclosed_advertising=0.496
2026-08-12 17:11:12,205 | INFO | MainThread | epoch 12 dev st3_family per-label F1: content=0.775, disclosure=0.613, housekeeping=0.573, product=0.489
2026-08-12 17:12:46,894 | INFO | MainThread | epoch 13: mean train loss = 0.9573
2026-08-12 17:12:56,714 | INFO | MainThread | epoch 13 dev metrics (tuned thresholds): st1_macro_f1=0.643, st2_macro_f1=0.618, st3_macro_f1=0.520, st3_family_macro_f1=0.594, mean_macro_f1=0.594
2026-08-12 17:12:56,714 | INFO | MainThread | epoch 13 dev st1 per-label F1: digital_content_or_services=0.871, none=0.118, physical_goods=0.856, physical_services=0.727
2026-08-12 17:12:56,715 | INFO | MainThread | epoch 13 dev st2 per-label F1: apps=0.741, creator_community=0.500, education=0.560, fashion=0.537, financial=0.667, food=0.842, gambling=0.727, gambling_adjacent=0.393, hardware_electronics=0.815, health=0.781, other=0.510, toys=0.348
2026-08-12 17:12:56,715 | INFO | MainThread | epoch 13 dev st3 per-label F1: age_restricted_or_prohibited_product=0.429, direct_exhortation=0.340, hfss_food_marketing=0.429, inadequate_disclosure=0.362, insufficient_context=0.750, misleading_claim=0.700, no_flag=0.552, undisclosed_advertising=0.601
2026-08-12 17:12:56,715 | INFO | MainThread | epoch 13 dev st3_family per-label F1: content=0.694, disclosure=0.645, housekeeping=0.562, product=0.474
2026-08-12 17:14:34,407 | INFO | MainThread | epoch 14: mean train loss = 0.8726
2026-08-12 17:14:43,158 | INFO | MainThread | epoch 14 dev metrics (tuned thresholds): st1_macro_f1=0.705, st2_macro_f1=0.625, st3_macro_f1=0.560, st3_family_macro_f1=0.628, mean_macro_f1=0.630
2026-08-12 17:14:43,159 | INFO | MainThread | epoch 14 dev st1 per-label F1: digital_content_or_services=0.857, none=0.421, physical_goods=0.843, physical_services=0.698
2026-08-12 17:14:43,159 | INFO | MainThread | epoch 14 dev st2 per-label F1: apps=0.735, creator_community=0.514, education=0.615, fashion=0.500, financial=0.783, food=0.796, gambling=0.727, gambling_adjacent=0.415, hardware_electronics=0.812, health=0.816, other=0.500, toys=0.286
2026-08-12 17:14:43,159 | INFO | MainThread | epoch 14 dev st3 per-label F1: age_restricted_or_prohibited_product=0.583, direct_exhortation=0.336, hfss_food_marketing=0.500, inadequate_disclosure=0.385, insufficient_context=0.800, misleading_claim=0.746, no_flag=0.566, undisclosed_advertising=0.562
2026-08-12 17:14:43,159 | INFO | MainThread | epoch 14 dev st3_family per-label F1: content=0.746, disclosure=0.617, housekeeping=0.578, product=0.571
2026-08-12 17:14:43,178 | INFO | MainThread | epoch 14: new best mean_macro_f1=0.630, saved to runs/lora_legalbert/best
2026-08-12 17:16:21,058 | INFO | MainThread | epoch 15: mean train loss = 0.7915
2026-08-12 17:16:31,122 | INFO | MainThread | epoch 15 dev metrics (tuned thresholds): st1_macro_f1=0.638, st2_macro_f1=0.629, st3_macro_f1=0.548, st3_family_macro_f1=0.622, mean_macro_f1=0.605
2026-08-12 17:16:31,123 | INFO | MainThread | epoch 15 dev st1 per-label F1: digital_content_or_services=0.857, none=0.125, physical_goods=0.843, physical_services=0.727
2026-08-12 17:16:31,123 | INFO | MainThread | epoch 15 dev st2 per-label F1: apps=0.734, creator_community=0.500, education=0.560, fashion=0.515, financial=0.683, food=0.796, gambling=0.800, gambling_adjacent=0.471, hardware_electronics=0.819, health=0.824, other=0.521, toys=0.333
2026-08-12 17:16:31,123 | INFO | MainThread | epoch 15 dev st3 per-label F1: age_restricted_or_prohibited_product=0.583, direct_exhortation=0.299, hfss_food_marketing=0.444, inadequate_disclosure=0.322, insufficient_context=0.857, misleading_claim=0.735, no_flag=0.576, undisclosed_advertising=0.568
2026-08-12 17:16:31,123 | INFO | MainThread | epoch 15 dev st3_family per-label F1: content=0.722, disclosure=0.634, housekeeping=0.588, product=0.545
2026-08-12 17:18:08,840 | INFO | MainThread | epoch 16: mean train loss = 0.7164
2026-08-12 17:18:17,479 | INFO | MainThread | epoch 16 dev metrics (tuned thresholds): st1_macro_f1=0.660, st2_macro_f1=0.629, st3_macro_f1=0.523, st3_family_macro_f1=0.602, mean_macro_f1=0.604
2026-08-12 17:18:17,479 | INFO | MainThread | epoch 16 dev st1 per-label F1: digital_content_or_services=0.871, none=0.235, physical_goods=0.851, physical_services=0.682
2026-08-12 17:18:17,479 | INFO | MainThread | epoch 16 dev st2 per-label F1: apps=0.742, creator_community=0.494, education=0.636, fashion=0.525, financial=0.700, food=0.863, gambling=0.727, gambling_adjacent=0.367, hardware_electronics=0.807, health=0.800, other=0.518, toys=0.364
2026-08-12 17:18:17,479 | INFO | MainThread | epoch 16 dev st3 per-label F1: age_restricted_or_prohibited_product=0.560, direct_exhortation=0.344, hfss_food_marketing=0.300, inadequate_disclosure=0.389, insufficient_context=0.706, misleading_claim=0.752, no_flag=0.550, undisclosed_advertising=0.583
2026-08-12 17:18:17,479 | INFO | MainThread | epoch 16 dev st3_family per-label F1: content=0.767, disclosure=0.615, housekeeping=0.560, product=0.465
2026-08-12 17:19:55,275 | INFO | MainThread | epoch 17: mean train loss = 0.6505
2026-08-12 17:20:03,912 | INFO | MainThread | epoch 17 dev metrics (tuned thresholds): st1_macro_f1=0.639, st2_macro_f1=0.630, st3_macro_f1=0.508, st3_family_macro_f1=0.589, mean_macro_f1=0.593
2026-08-12 17:20:03,912 | INFO | MainThread | epoch 17 dev st1 per-label F1: digital_content_or_services=0.862, none=0.125, physical_goods=0.848, physical_services=0.723
2026-08-12 17:20:03,912 | INFO | MainThread | epoch 17 dev st2 per-label F1: apps=0.749, creator_community=0.485, education=0.640, fashion=0.490, financial=0.769, food=0.826, gambling=0.727, gambling_adjacent=0.421, hardware_electronics=0.812, health=0.781, other=0.511, toys=0.353
2026-08-12 17:20:03,912 | INFO | MainThread | epoch 17 dev st3 per-label F1: age_restricted_or_prohibited_product=0.414, direct_exhortation=0.307, hfss_food_marketing=0.375, inadequate_disclosure=0.385, insufficient_context=0.667, misleading_claim=0.741, no_flag=0.566, undisclosed_advertising=0.610
2026-08-12 17:20:03,912 | INFO | MainThread | epoch 17 dev st3_family per-label F1: content=0.749, disclosure=0.608, housekeeping=0.580, product=0.419
2026-08-12 17:21:41,878 | INFO | MainThread | epoch 18: mean train loss = 0.5976
2026-08-12 17:21:51,851 | INFO | MainThread | epoch 18 dev metrics (tuned thresholds): st1_macro_f1=0.607, st2_macro_f1=0.624, st3_macro_f1=0.533, st3_family_macro_f1=0.605, mean_macro_f1=0.588
2026-08-12 17:21:51,852 | INFO | MainThread | epoch 18 dev st1 per-label F1: digital_content_or_services=0.870, none=0.000, physical_goods=0.856, physical_services=0.704
2026-08-12 17:21:51,852 | INFO | MainThread | epoch 18 dev st2 per-label F1: apps=0.764, creator_community=0.510, education=0.538, fashion=0.504, financial=0.714, food=0.822, gambling=0.727, gambling_adjacent=0.437, hardware_electronics=0.797, health=0.819, other=0.533, toys=0.316
2026-08-12 17:21:51,852 | INFO | MainThread | epoch 18 dev st3 per-label F1: age_restricted_or_prohibited_product=0.500, direct_exhortation=0.318, hfss_food_marketing=0.462, inadequate_disclosure=0.389, insufficient_context=0.714, misleading_claim=0.732, no_flag=0.553, undisclosed_advertising=0.593
2026-08-12 17:21:51,852 | INFO | MainThread | epoch 18 dev st3_family per-label F1: content=0.731, disclosure=0.622, housekeeping=0.568, product=0.500
2026-08-12 17:23:29,550 | INFO | MainThread | epoch 19: mean train loss = 0.5695
2026-08-12 17:23:38,225 | INFO | MainThread | epoch 19 dev metrics (tuned thresholds): st1_macro_f1=0.659, st2_macro_f1=0.628, st3_macro_f1=0.534, st3_family_macro_f1=0.598, mean_macro_f1=0.607
2026-08-12 17:23:38,226 | INFO | MainThread | epoch 19 dev st1 per-label F1: digital_content_or_services=0.869, none=0.235, physical_goods=0.850, physical_services=0.681
2026-08-12 17:23:38,226 | INFO | MainThread | epoch 19 dev st2 per-label F1: apps=0.745, creator_community=0.500, education=0.552, fashion=0.522, financial=0.649, food=0.831, gambling=0.800, gambling_adjacent=0.455, hardware_electronics=0.797, health=0.765, other=0.500, toys=0.421
2026-08-12 17:23:38,226 | INFO | MainThread | epoch 19 dev st3 per-label F1: age_restricted_or_prohibited_product=0.538, direct_exhortation=0.332, hfss_food_marketing=0.444, inadequate_disclosure=0.335, insufficient_context=0.750, misleading_claim=0.737, no_flag=0.554, undisclosed_advertising=0.577
2026-08-12 17:23:38,226 | INFO | MainThread | epoch 19 dev st3_family per-label F1: content=0.723, disclosure=0.583, housekeeping=0.571, product=0.514
2026-08-12 17:25:15,691 | INFO | MainThread | epoch 20: mean train loss = 0.5078
2026-08-12 17:25:25,431 | INFO | MainThread | epoch 20 dev metrics (tuned thresholds): st1_macro_f1=0.649, st2_macro_f1=0.629, st3_macro_f1=0.514, st3_family_macro_f1=0.582, mean_macro_f1=0.597
2026-08-12 17:25:25,431 | INFO | MainThread | epoch 20 dev st1 per-label F1: digital_content_or_services=0.860, none=0.222, physical_goods=0.847, physical_services=0.667
2026-08-12 17:25:25,432 | INFO | MainThread | epoch 20 dev st2 per-label F1: apps=0.745, creator_community=0.491, education=0.593, fashion=0.531, financial=0.708, food=0.817, gambling=0.800, gambling_adjacent=0.439, hardware_electronics=0.803, health=0.807, other=0.524, toys=0.286
2026-08-12 17:25:25,432 | INFO | MainThread | epoch 20 dev st3 per-label F1: age_restricted_or_prohibited_product=0.417, direct_exhortation=0.233, hfss_food_marketing=0.500, inadequate_disclosure=0.364, insufficient_context=0.714, misleading_claim=0.740, no_flag=0.550, undisclosed_advertising=0.595
2026-08-12 17:25:25,432 | INFO | MainThread | epoch 20 dev st3_family per-label F1: content=0.736, disclosure=0.592, housekeeping=0.564, product=0.437
2026-08-12 17:27:01,384 | INFO | MainThread | epoch 21: mean train loss = 0.4793
2026-08-12 17:27:09,886 | INFO | MainThread | epoch 21 dev metrics (tuned thresholds): st1_macro_f1=0.687, st2_macro_f1=0.627, st3_macro_f1=0.534, st3_family_macro_f1=0.618, mean_macro_f1=0.616
2026-08-12 17:27:09,886 | INFO | MainThread | epoch 21 dev st1 per-label F1: digital_content_or_services=0.860, none=0.300, physical_goods=0.851, physical_services=0.739
2026-08-12 17:27:09,886 | INFO | MainThread | epoch 21 dev st2 per-label F1: apps=0.745, creator_community=0.533, education=0.538, fashion=0.511, financial=0.711, food=0.825, gambling=0.727, gambling_adjacent=0.432, hardware_electronics=0.807, health=0.820, other=0.529, toys=0.348
2026-08-12 17:27:09,886 | INFO | MainThread | epoch 21 dev st3 per-label F1: age_restricted_or_prohibited_product=0.560, direct_exhortation=0.288, hfss_food_marketing=0.462, inadequate_disclosure=0.308, insufficient_context=0.800, misleading_claim=0.737, no_flag=0.563, undisclosed_advertising=0.551
2026-08-12 17:27:09,886 | INFO | MainThread | epoch 21 dev st3_family per-label F1: content=0.730, disclosure=0.635, housekeeping=0.580, product=0.526
2026-08-12 17:28:45,901 | INFO | MainThread | epoch 22: mean train loss = 0.4186
2026-08-12 17:28:54,378 | INFO | MainThread | epoch 22 dev metrics (tuned thresholds): st1_macro_f1=0.737, st2_macro_f1=0.626, st3_macro_f1=0.523, st3_family_macro_f1=0.627, mean_macro_f1=0.629
2026-08-12 17:28:54,379 | INFO | MainThread | epoch 22 dev st1 per-label F1: digital_content_or_services=0.854, none=0.500, physical_goods=0.838, physical_services=0.756
2026-08-12 17:28:54,379 | INFO | MainThread | epoch 22 dev st2 per-label F1: apps=0.744, creator_community=0.542, education=0.560, fashion=0.510, financial=0.703, food=0.842, gambling=0.727, gambling_adjacent=0.410, hardware_electronics=0.800, health=0.826, other=0.480, toys=0.370
2026-08-12 17:28:54,379 | INFO | MainThread | epoch 22 dev st3 per-label F1: age_restricted_or_prohibited_product=0.581, direct_exhortation=0.251, hfss_food_marketing=0.400, inadequate_disclosure=0.361, insufficient_context=0.714, misleading_claim=0.728, no_flag=0.551, undisclosed_advertising=0.600
2026-08-12 17:28:54,379 | INFO | MainThread | epoch 22 dev st3_family per-label F1: content=0.731, disclosure=0.628, housekeeping=0.565, product=0.585
2026-08-12 17:30:30,307 | INFO | MainThread | epoch 23: mean train loss = 0.3898
2026-08-12 17:30:40,089 | INFO | MainThread | epoch 23 dev metrics (tuned thresholds): st1_macro_f1=0.652, st2_macro_f1=0.644, st3_macro_f1=0.515, st3_family_macro_f1=0.606, mean_macro_f1=0.604
2026-08-12 17:30:40,089 | INFO | MainThread | epoch 23 dev st1 per-label F1: digital_content_or_services=0.881, none=0.125, physical_goods=0.864, physical_services=0.739
2026-08-12 17:30:40,089 | INFO | MainThread | epoch 23 dev st2 per-label F1: apps=0.779, creator_community=0.532, education=0.593, fashion=0.531, financial=0.686, food=0.848, gambling=0.800, gambling_adjacent=0.453, hardware_electronics=0.802, health=0.821, other=0.502, toys=0.381
2026-08-12 17:30:40,089 | INFO | MainThread | epoch 23 dev st3 per-label F1: age_restricted_or_prohibited_product=0.533, direct_exhortation=0.277, hfss_food_marketing=0.500, inadequate_disclosure=0.250, insufficient_context=0.750, misleading_claim=0.699, no_flag=0.545, undisclosed_advertising=0.567
2026-08-12 17:30:40,089 | INFO | MainThread | epoch 23 dev st3_family per-label F1: content=0.708, disclosure=0.577, housekeeping=0.559, product=0.579
2026-08-12 17:32:15,857 | INFO | MainThread | epoch 24: mean train loss = 0.3503
2026-08-12 17:32:24,424 | INFO | MainThread | epoch 24 dev metrics (tuned thresholds): st1_macro_f1=0.701, st2_macro_f1=0.638, st3_macro_f1=0.489, st3_family_macro_f1=0.602, mean_macro_f1=0.609
2026-08-12 17:32:24,424 | INFO | MainThread | epoch 24 dev st1 per-label F1: digital_content_or_services=0.874, none=0.333, physical_goods=0.865, physical_services=0.731
2026-08-12 17:32:24,424 | INFO | MainThread | epoch 24 dev st2 per-label F1: apps=0.757, creator_community=0.531, education=0.571, fashion=0.541, financial=0.732, food=0.809, gambling=0.800, gambling_adjacent=0.415, hardware_electronics=0.788, health=0.832, other=0.534, toys=0.348
2026-08-12 17:32:24,425 | INFO | MainThread | epoch 24 dev st3 per-label F1: age_restricted_or_prohibited_product=0.462, direct_exhortation=0.270, hfss_food_marketing=0.364, inadequate_disclosure=0.337, insufficient_context=0.632, misleading_claim=0.750, no_flag=0.545, undisclosed_advertising=0.556
2026-08-12 17:32:24,425 | INFO | MainThread | epoch 24 dev st3_family per-label F1: content=0.739, disclosure=0.623, housekeeping=0.558, product=0.486
2026-08-12 17:34:00,390 | INFO | MainThread | epoch 25: mean train loss = 0.3427
2026-08-12 17:34:09,961 | INFO | MainThread | epoch 25 dev metrics (tuned thresholds): st1_macro_f1=0.692, st2_macro_f1=0.636, st3_macro_f1=0.529, st3_family_macro_f1=0.603, mean_macro_f1=0.619
2026-08-12 17:34:09,961 | INFO | MainThread | epoch 25 dev st1 per-label F1: digital_content_or_services=0.858, none=0.333, physical_goods=0.850, physical_services=0.727
2026-08-12 17:34:09,961 | INFO | MainThread | epoch 25 dev st2 per-label F1: apps=0.745, creator_community=0.577, education=0.593, fashion=0.490, financial=0.737, food=0.830, gambling=0.667, gambling_adjacent=0.500, hardware_electronics=0.782, health=0.842, other=0.497, toys=0.370
2026-08-12 17:34:09,962 | INFO | MainThread | epoch 25 dev st3 per-label F1: age_restricted_or_prohibited_product=0.455, direct_exhortation=0.242, hfss_food_marketing=0.600, inadequate_disclosure=0.321, insufficient_context=0.714, misleading_claim=0.710, no_flag=0.560, undisclosed_advertising=0.626
2026-08-12 17:34:09,962 | INFO | MainThread | epoch 25 dev st3_family per-label F1: content=0.705, disclosure=0.636, housekeeping=0.571, product=0.500
2026-08-12 17:35:45,892 | INFO | MainThread | epoch 26: mean train loss = 0.3101
2026-08-12 17:35:54,432 | INFO | MainThread | epoch 26 dev metrics (tuned thresholds): st1_macro_f1=0.633, st2_macro_f1=0.635, st3_macro_f1=0.486, st3_family_macro_f1=0.616, mean_macro_f1=0.585
2026-08-12 17:35:54,432 | INFO | MainThread | epoch 26 dev st1 per-label F1: digital_content_or_services=0.874, none=0.125, physical_goods=0.851, physical_services=0.681
2026-08-12 17:35:54,432 | INFO | MainThread | epoch 26 dev st2 per-label F1: apps=0.748, creator_community=0.510, education=0.593, fashion=0.490, financial=0.762, food=0.839, gambling=0.727, gambling_adjacent=0.489, hardware_electronics=0.805, health=0.833, other=0.480, toys=0.348
2026-08-12 17:35:54,432 | INFO | MainThread | epoch 26 dev st3 per-label F1: age_restricted_or_prohibited_product=0.583, direct_exhortation=0.276, hfss_food_marketing=0.600, inadequate_disclosure=0.242, insufficient_context=0.385, misleading_claim=0.741, no_flag=0.529, undisclosed_advertising=0.535
2026-08-12 17:35:54,432 | INFO | MainThread | epoch 26 dev st3_family per-label F1: content=0.735, disclosure=0.597, housekeeping=0.544, product=0.588
2026-08-12 17:37:30,232 | INFO | MainThread | epoch 27: mean train loss = 0.3085
2026-08-12 17:37:38,847 | INFO | MainThread | epoch 27 dev metrics (tuned thresholds): st1_macro_f1=0.618, st2_macro_f1=0.632, st3_macro_f1=0.487, st3_family_macro_f1=0.558, mean_macro_f1=0.579
2026-08-12 17:37:38,847 | INFO | MainThread | epoch 27 dev st1 per-label F1: digital_content_or_services=0.857, none=0.125, physical_goods=0.841, physical_services=0.651
2026-08-12 17:37:38,847 | INFO | MainThread | epoch 27 dev st2 per-label F1: apps=0.742, creator_community=0.495, education=0.571, fashion=0.514, financial=0.698, food=0.848, gambling=0.667, gambling_adjacent=0.486, hardware_electronics=0.796, health=0.824, other=0.519, toys=0.421
2026-08-12 17:37:38,847 | INFO | MainThread | epoch 27 dev st3 per-label F1: age_restricted_or_prohibited_product=0.381, direct_exhortation=0.284, hfss_food_marketing=0.500, inadequate_disclosure=0.210, insufficient_context=0.667, misleading_claim=0.717, no_flag=0.558, undisclosed_advertising=0.576
2026-08-12 17:37:38,847 | INFO | MainThread | epoch 27 dev st3_family per-label F1: content=0.703, disclosure=0.536, housekeeping=0.568, product=0.424
2026-08-12 17:39:14,659 | INFO | MainThread | epoch 28: mean train loss = 0.2680
2026-08-12 17:39:23,995 | INFO | MainThread | epoch 28 dev metrics (tuned thresholds): st1_macro_f1=0.744, st2_macro_f1=0.632, st3_macro_f1=0.519, st3_family_macro_f1=0.613, mean_macro_f1=0.631
2026-08-12 17:39:23,995 | INFO | MainThread | epoch 28 dev st1 per-label F1: digital_content_or_services=0.873, none=0.545, physical_goods=0.848, physical_services=0.708
2026-08-12 17:39:23,995 | INFO | MainThread | epoch 28 dev st2 per-label F1: apps=0.752, creator_community=0.544, education=0.593, fashion=0.510, financial=0.711, food=0.854, gambling=0.727, gambling_adjacent=0.432, hardware_electronics=0.805, health=0.814, other=0.506, toys=0.333
2026-08-12 17:39:23,995 | INFO | MainThread | epoch 28 dev st3 per-label F1: age_restricted_or_prohibited_product=0.522, direct_exhortation=0.276, hfss_food_marketing=0.429, inadequate_disclosure=0.328, insufficient_context=0.706, misleading_claim=0.765, no_flag=0.559, undisclosed_advertising=0.567
2026-08-12 17:39:23,995 | INFO | MainThread | epoch 28 dev st3_family per-label F1: content=0.763, disclosure=0.620, housekeeping=0.581, product=0.486
2026-08-12 17:39:24,016 | INFO | MainThread | epoch 28: new best mean_macro_f1=0.631, saved to runs/lora_legalbert/best
2026-08-12 17:41:00,184 | INFO | MainThread | epoch 29: mean train loss = 0.2539
2026-08-12 17:41:08,766 | INFO | MainThread | epoch 29 dev metrics (tuned thresholds): st1_macro_f1=0.629, st2_macro_f1=0.638, st3_macro_f1=0.516, st3_family_macro_f1=0.627, mean_macro_f1=0.594
2026-08-12 17:41:08,767 | INFO | MainThread | epoch 29 dev st1 per-label F1: digital_content_or_services=0.867, none=0.125, physical_goods=0.855, physical_services=0.667
2026-08-12 17:41:08,767 | INFO | MainThread | epoch 29 dev st2 per-label F1: apps=0.741, creator_community=0.542, education=0.593, fashion=0.511, financial=0.732, food=0.842, gambling=0.727, gambling_adjacent=0.500, hardware_electronics=0.800, health=0.838, other=0.473, toys=0.357
2026-08-12 17:41:08,767 | INFO | MainThread | epoch 29 dev st3 per-label F1: age_restricted_or_prohibited_product=0.533, direct_exhortation=0.275, hfss_food_marketing=0.400, inadequate_disclosure=0.351, insufficient_context=0.625, misleading_claim=0.757, no_flag=0.565, undisclosed_advertising=0.622
2026-08-12 17:41:08,767 | INFO | MainThread | epoch 29 dev st3_family per-label F1: content=0.748, disclosure=0.631, housekeeping=0.581, product=0.550
2026-08-12 17:42:44,625 | INFO | MainThread | epoch 30: mean train loss = 0.2164
2026-08-12 17:42:53,828 | INFO | MainThread | epoch 30 dev metrics (tuned thresholds): st1_macro_f1=0.733, st2_macro_f1=0.645, st3_macro_f1=0.518, st3_family_macro_f1=0.571, mean_macro_f1=0.632
2026-08-12 17:42:53,828 | INFO | MainThread | epoch 30 dev st1 per-label F1: digital_content_or_services=0.875, none=0.476, physical_goods=0.854, physical_services=0.727
2026-08-12 17:42:53,829 | INFO | MainThread | epoch 30 dev st2 per-label F1: apps=0.756, creator_community=0.544, education=0.571, fashion=0.511, financial=0.756, food=0.848, gambling=0.800, gambling_adjacent=0.465, hardware_electronics=0.774, health=0.876, other=0.500, toys=0.333
2026-08-12 17:42:53,829 | INFO | MainThread | epoch 30 dev st3 per-label F1: age_restricted_or_prohibited_product=0.400, direct_exhortation=0.258, hfss_food_marketing=0.444, inadequate_disclosure=0.254, insufficient_context=0.857, misleading_claim=0.721, no_flag=0.548, undisclosed_advertising=0.662
2026-08-12 17:42:53,829 | INFO | MainThread | epoch 30 dev st3_family per-label F1: content=0.705, disclosure=0.600, housekeeping=0.566, product=0.412
2026-08-12 17:42:53,846 | INFO | MainThread | epoch 30: new best mean_macro_f1=0.632, saved to runs/lora_legalbert/best
2026-08-12 17:44:29,985 | INFO | MainThread | epoch 31: mean train loss = 0.2183
2026-08-12 17:44:38,643 | INFO | MainThread | epoch 31 dev metrics (tuned thresholds): st1_macro_f1=0.698, st2_macro_f1=0.644, st3_macro_f1=0.519, st3_family_macro_f1=0.596, mean_macro_f1=0.620
2026-08-12 17:44:38,643 | INFO | MainThread | epoch 31 dev st1 per-label F1: digital_content_or_services=0.873, none=0.333, physical_goods=0.851, physical_services=0.735
2026-08-12 17:44:38,643 | INFO | MainThread | epoch 31 dev st2 per-label F1: apps=0.766, creator_community=0.537, education=0.593, fashion=0.563, financial=0.696, food=0.854, gambling=0.727, gambling_adjacent=0.421, hardware_electronics=0.805, health=0.847, other=0.500, toys=0.421
2026-08-12 17:44:38,643 | INFO | MainThread | epoch 31 dev st3 per-label F1: age_restricted_or_prohibited_product=0.480, direct_exhortation=0.242, hfss_food_marketing=0.400, inadequate_disclosure=0.356, insufficient_context=0.800, misleading_claim=0.721, no_flag=0.558, undisclosed_advertising=0.592
2026-08-12 17:44:38,643 | INFO | MainThread | epoch 31 dev st3_family per-label F1: content=0.713, disclosure=0.631, housekeeping=0.581, product=0.462
2026-08-12 17:46:14,654 | INFO | MainThread | epoch 32: mean train loss = 0.2009
2026-08-12 17:46:23,838 | INFO | MainThread | epoch 32 dev metrics (tuned thresholds): st1_macro_f1=0.706, st2_macro_f1=0.647, st3_macro_f1=0.498, st3_family_macro_f1=0.574, mean_macro_f1=0.617
2026-08-12 17:46:23,839 | INFO | MainThread | epoch 32 dev st1 per-label F1: digital_content_or_services=0.874, none=0.333, physical_goods=0.861, physical_services=0.756
2026-08-12 17:46:23,839 | INFO | MainThread | epoch 32 dev st2 per-label F1: apps=0.760, creator_community=0.555, education=0.615, fashion=0.523, financial=0.762, food=0.816, gambling=0.800, gambling_adjacent=0.462, hardware_electronics=0.798, health=0.824, other=0.515, toys=0.333
2026-08-12 17:46:23,839 | INFO | MainThread | epoch 32 dev st3 per-label F1: age_restricted_or_prohibited_product=0.417, direct_exhortation=0.284, hfss_food_marketing=0.261, inadequate_disclosure=0.307, insufficient_context=0.857, misleading_claim=0.730, no_flag=0.570, undisclosed_advertising=0.555
2026-08-12 17:46:23,839 | INFO | MainThread | epoch 32 dev st3_family per-label F1: content=0.730, disclosure=0.624, housekeeping=0.587, product=0.356
2026-08-12 17:47:59,889 | INFO | MainThread | epoch 33: mean train loss = 0.2015
2026-08-12 17:48:08,666 | INFO | MainThread | epoch 33 dev metrics (tuned thresholds): st1_macro_f1=0.650, st2_macro_f1=0.644, st3_macro_f1=0.505, st3_family_macro_f1=0.602, mean_macro_f1=0.600
2026-08-12 17:48:08,666 | INFO | MainThread | epoch 33 dev st1 per-label F1: digital_content_or_services=0.869, none=0.125, physical_goods=0.855, physical_services=0.750
2026-08-12 17:48:08,666 | INFO | MainThread | epoch 33 dev st2 per-label F1: apps=0.756, creator_community=0.577, education=0.593, fashion=0.505, financial=0.732, food=0.835, gambling=0.800, gambling_adjacent=0.490, hardware_electronics=0.793, health=0.833, other=0.483, toys=0.333
2026-08-12 17:48:08,667 | INFO | MainThread | epoch 33 dev st3 per-label F1: age_restricted_or_prohibited_product=0.522, direct_exhortation=0.281, hfss_food_marketing=0.375, inadequate_disclosure=0.280, insufficient_context=0.714, misleading_claim=0.746, no_flag=0.565, undisclosed_advertising=0.559
2026-08-12 17:48:08,667 | INFO | MainThread | epoch 33 dev st3_family per-label F1: content=0.738, disclosure=0.605, housekeeping=0.578, product=0.486
2026-08-12 17:49:44,705 | INFO | MainThread | epoch 34: mean train loss = 0.1658
2026-08-12 17:49:53,361 | INFO | MainThread | epoch 34 dev metrics (tuned thresholds): st1_macro_f1=0.724, st2_macro_f1=0.661, st3_macro_f1=0.533, st3_family_macro_f1=0.612, mean_macro_f1=0.639
2026-08-12 17:49:53,362 | INFO | MainThread | epoch 34 dev st1 per-label F1: digital_content_or_services=0.866, none=0.500, physical_goods=0.849, physical_services=0.682
2026-08-12 17:49:53,362 | INFO | MainThread | epoch 34 dev st2 per-label F1: apps=0.782, creator_community=0.579, education=0.615, fashion=0.561, financial=0.750, food=0.812, gambling=0.800, gambling_adjacent=0.526, hardware_electronics=0.810, health=0.841, other=0.522, toys=0.333
2026-08-12 17:49:53,362 | INFO | MainThread | epoch 34 dev st3 per-label F1: age_restricted_or_prohibited_product=0.571, direct_exhortation=0.167, hfss_food_marketing=0.571, inadequate_disclosure=0.337, insufficient_context=0.769, misleading_claim=0.712, no_flag=0.551, undisclosed_advertising=0.582
2026-08-12 17:49:53,362 | INFO | MainThread | epoch 34 dev st3_family per-label F1: content=0.707, disclosure=0.605, housekeeping=0.564, product=0.571
2026-08-12 17:49:53,381 | INFO | MainThread | epoch 34: new best mean_macro_f1=0.639, saved to runs/lora_legalbert/best
2026-08-12 17:51:29,862 | INFO | MainThread | epoch 35: mean train loss = 0.1558
2026-08-12 17:51:38,609 | INFO | MainThread | epoch 35 dev metrics (tuned thresholds): st1_macro_f1=0.661, st2_macro_f1=0.649, st3_macro_f1=0.498, st3_family_macro_f1=0.615, mean_macro_f1=0.602
2026-08-12 17:51:38,609 | INFO | MainThread | epoch 35 dev st1 per-label F1: digital_content_or_services=0.872, none=0.235, physical_goods=0.854, physical_services=0.682
2026-08-12 17:51:38,609 | INFO | MainThread | epoch 35 dev st2 per-label F1: apps=0.788, creator_community=0.535, education=0.593, fashion=0.563, financial=0.727, food=0.826, gambling=0.800, gambling_adjacent=0.455, hardware_electronics=0.795, health=0.862, other=0.519, toys=0.320
2026-08-12 17:51:38,609 | INFO | MainThread | epoch 35 dev st3 per-label F1: age_restricted_or_prohibited_product=0.519, direct_exhortation=0.163, hfss_food_marketing=0.400, inadequate_disclosure=0.332, insufficient_context=0.588, misleading_claim=0.758, no_flag=0.584, undisclosed_advertising=0.641
2026-08-12 17:51:38,609 | INFO | MainThread | epoch 35 dev st3_family per-label F1: content=0.747, disclosure=0.615, housekeeping=0.596, product=0.500
2026-08-12 17:53:14,664 | INFO | MainThread | epoch 36: mean train loss = 0.1458
2026-08-12 17:53:23,357 | INFO | MainThread | epoch 36 dev metrics (tuned thresholds): st1_macro_f1=0.684, st2_macro_f1=0.655, st3_macro_f1=0.538, st3_family_macro_f1=0.622, mean_macro_f1=0.626
2026-08-12 17:53:23,358 | INFO | MainThread | epoch 36 dev st1 per-label F1: digital_content_or_services=0.878, none=0.333, physical_goods=0.858, physical_services=0.667
2026-08-12 17:53:23,358 | INFO | MainThread | epoch 36 dev st2 per-label F1: apps=0.745, creator_community=0.520, education=0.593, fashion=0.550, financial=0.756, food=0.831, gambling=0.800, gambling_adjacent=0.531, hardware_electronics=0.805, health=0.835, other=0.492, toys=0.400
2026-08-12 17:53:23,358 | INFO | MainThread | epoch 36 dev st3 per-label F1: age_restricted_or_prohibited_product=0.560, direct_exhortation=0.224, hfss_food_marketing=0.571, inadequate_disclosure=0.304, insufficient_context=0.769, misleading_claim=0.755, no_flag=0.573, undisclosed_advertising=0.548
2026-08-12 17:53:23,358 | INFO | MainThread | epoch 36 dev st3_family per-label F1: content=0.748, disclosure=0.593, housekeeping=0.587, product=0.562
2026-08-12 17:54:59,577 | INFO | MainThread | epoch 37: mean train loss = 0.1439
2026-08-12 17:55:08,452 | INFO | MainThread | epoch 37 dev metrics (tuned thresholds): st1_macro_f1=0.680, st2_macro_f1=0.630, st3_macro_f1=0.486, st3_family_macro_f1=0.584, mean_macro_f1=0.599
2026-08-12 17:55:08,452 | INFO | MainThread | epoch 37 dev st1 per-label F1: digital_content_or_services=0.868, none=0.333, physical_goods=0.853, physical_services=0.667
2026-08-12 17:55:08,452 | INFO | MainThread | epoch 37 dev st2 per-label F1: apps=0.758, creator_community=0.479, education=0.593, fashion=0.478, financial=0.800, food=0.796, gambling=0.727, gambling_adjacent=0.449, hardware_electronics=0.802, health=0.772, other=0.544, toys=0.364
2026-08-12 17:55:08,452 | INFO | MainThread | epoch 37 dev st3 per-label F1: age_restricted_or_prohibited_product=0.519, direct_exhortation=0.266, hfss_food_marketing=0.400, inadequate_disclosure=0.254, insufficient_context=0.632, misleading_claim=0.726, no_flag=0.578, undisclosed_advertising=0.517
2026-08-12 17:55:08,453 | INFO | MainThread | epoch 37 dev st3_family per-label F1: content=0.732, disclosure=0.529, housekeeping=0.587, product=0.488
2026-08-12 17:56:44,437 | INFO | MainThread | epoch 38: mean train loss = 0.1345
2026-08-12 17:56:53,103 | INFO | MainThread | epoch 38 dev metrics (tuned thresholds): st1_macro_f1=0.715, st2_macro_f1=0.656, st3_macro_f1=0.496, st3_family_macro_f1=0.588, mean_macro_f1=0.622
2026-08-12 17:56:53,103 | INFO | MainThread | epoch 38 dev st1 per-label F1: digital_content_or_services=0.879, none=0.400, physical_goods=0.855, physical_services=0.727
2026-08-12 17:56:53,103 | INFO | MainThread | epoch 38 dev st2 per-label F1: apps=0.752, creator_community=0.562, education=0.615, fashion=0.564, financial=0.732, food=0.822, gambling=0.800, gambling_adjacent=0.500, hardware_electronics=0.802, health=0.800, other=0.498, toys=0.421
2026-08-12 17:56:53,104 | INFO | MainThread | epoch 38 dev st3 per-label F1: age_restricted_or_prohibited_product=0.435, direct_exhortation=0.232, hfss_food_marketing=0.364, inadequate_disclosure=0.258, insufficient_context=0.750, misleading_claim=0.772, no_flag=0.552, undisclosed_advertising=0.604
2026-08-12 17:56:53,104 | INFO | MainThread | epoch 38 dev st3_family per-label F1: content=0.776, disclosure=0.602, housekeeping=0.563, product=0.412
2026-08-12 17:58:28,823 | INFO | MainThread | epoch 39: mean train loss = 0.0833
2026-08-12 17:58:38,015 | INFO | MainThread | epoch 39 dev metrics (tuned thresholds): st1_macro_f1=0.676, st2_macro_f1=0.639, st3_macro_f1=0.480, st3_family_macro_f1=0.571, mean_macro_f1=0.598
2026-08-12 17:58:38,015 | INFO | MainThread | epoch 39 dev st1 per-label F1: digital_content_or_services=0.869, none=0.235, physical_goods=0.862, physical_services=0.739
2026-08-12 17:58:38,015 | INFO | MainThread | epoch 39 dev st2 per-label F1: apps=0.743, creator_community=0.542, education=0.615, fashion=0.551, financial=0.714, food=0.833, gambling=0.727, gambling_adjacent=0.483, hardware_electronics=0.793, health=0.874, other=0.464, toys=0.333
2026-08-12 17:58:38,015 | INFO | MainThread | epoch 39 dev st3 per-label F1: age_restricted_or_prohibited_product=0.455, direct_exhortation=0.259, hfss_food_marketing=0.333, inadequate_disclosure=0.278, insufficient_context=0.714, misleading_claim=0.721, no_flag=0.534, undisclosed_advertising=0.543
2026-08-12 17:58:38,015 | INFO | MainThread | epoch 39 dev st3_family per-label F1: content=0.723, disclosure=0.589, housekeeping=0.548, product=0.424
2026-08-12 18:00:13,744 | INFO | MainThread | epoch 40: mean train loss = 0.1095
2026-08-12 18:00:22,453 | INFO | MainThread | epoch 40 dev metrics (tuned thresholds): st1_macro_f1=0.705, st2_macro_f1=0.645, st3_macro_f1=0.499, st3_family_macro_f1=0.594, mean_macro_f1=0.616
2026-08-12 18:00:22,453 | INFO | MainThread | epoch 40 dev st1 per-label F1: digital_content_or_services=0.878, none=0.316, physical_goods=0.868, physical_services=0.760
2026-08-12 18:00:22,453 | INFO | MainThread | epoch 40 dev st2 per-label F1: apps=0.769, creator_community=0.505, education=0.615, fashion=0.527, financial=0.750, food=0.837, gambling=0.727, gambling_adjacent=0.500, hardware_electronics=0.784, health=0.824, other=0.512, toys=0.385
2026-08-12 18:00:22,453 | INFO | MainThread | epoch 40 dev st3 per-label F1: age_restricted_or_prohibited_product=0.500, direct_exhortation=0.261, hfss_food_marketing=0.400, inadequate_disclosure=0.323, insufficient_context=0.667, misleading_claim=0.751, no_flag=0.554, undisclosed_advertising=0.532
2026-08-12 18:00:22,454 | INFO | MainThread | epoch 40 dev st3_family per-label F1: content=0.750, disclosure=0.595, housekeeping=0.560, product=0.471
2026-08-12 18:01:58,342 | INFO | MainThread | epoch 41: mean train loss = 0.0820
2026-08-12 18:02:07,410 | INFO | MainThread | epoch 41 dev metrics (tuned thresholds): st1_macro_f1=0.739, st2_macro_f1=0.653, st3_macro_f1=0.507, st3_family_macro_f1=0.574, mean_macro_f1=0.633
2026-08-12 18:02:07,411 | INFO | MainThread | epoch 41 dev st1 per-label F1: digital_content_or_services=0.883, none=0.421, physical_goods=0.868, physical_services=0.783
2026-08-12 18:02:07,411 | INFO | MainThread | epoch 41 dev st2 per-label F1: apps=0.769, creator_community=0.612, education=0.593, fashion=0.514, financial=0.744, food=0.831, gambling=0.800, gambling_adjacent=0.452, hardware_electronics=0.797, health=0.827, other=0.500, toys=0.400
2026-08-12 18:02:07,411 | INFO | MainThread | epoch 41 dev st3 per-label F1: age_restricted_or_prohibited_product=0.455, direct_exhortation=0.311, hfss_food_marketing=0.429, inadequate_disclosure=0.308, insufficient_context=0.714, misleading_claim=0.739, no_flag=0.543, undisclosed_advertising=0.555
2026-08-12 18:02:07,411 | INFO | MainThread | epoch 41 dev st3_family per-label F1: content=0.734, disclosure=0.561, housekeeping=0.556, product=0.444
2026-08-12 18:03:43,300 | INFO | MainThread | epoch 42: mean train loss = 0.0846
2026-08-12 18:03:52,086 | INFO | MainThread | epoch 42 dev metrics (tuned thresholds): st1_macro_f1=0.731, st2_macro_f1=0.644, st3_macro_f1=0.494, st3_family_macro_f1=0.572, mean_macro_f1=0.623
2026-08-12 18:03:52,087 | INFO | MainThread | epoch 42 dev st1 per-label F1: digital_content_or_services=0.882, none=0.421, physical_goods=0.867, physical_services=0.756
2026-08-12 18:03:52,087 | INFO | MainThread | epoch 42 dev st2 per-label F1: apps=0.781, creator_community=0.565, education=0.593, fashion=0.567, financial=0.700, food=0.822, gambling=0.800, gambling_adjacent=0.429, hardware_electronics=0.775, health=0.824, other=0.510, toys=0.364
2026-08-12 18:03:52,087 | INFO | MainThread | epoch 42 dev st3 per-label F1: age_restricted_or_prohibited_product=0.364, direct_exhortation=0.195, hfss_food_marketing=0.462, inadequate_disclosure=0.325, insufficient_context=0.667, misleading_claim=0.750, no_flag=0.570, undisclosed_advertising=0.617
2026-08-12 18:03:52,087 | INFO | MainThread | epoch 42 dev st3_family per-label F1: content=0.747, disclosure=0.559, housekeeping=0.581, product=0.400
2026-08-12 18:05:28,077 | INFO | MainThread | epoch 43: mean train loss = 0.0694
2026-08-12 18:05:37,241 | INFO | MainThread | epoch 43 dev metrics (tuned thresholds): st1_macro_f1=0.645, st2_macro_f1=0.638, st3_macro_f1=0.510, st3_family_macro_f1=0.595, mean_macro_f1=0.598
2026-08-12 18:05:37,241 | INFO | MainThread | epoch 43 dev st1 per-label F1: digital_content_or_services=0.876, none=0.118, physical_goods=0.864, physical_services=0.723
2026-08-12 18:05:37,241 | INFO | MainThread | epoch 43 dev st2 per-label F1: apps=0.756, creator_community=0.543, education=0.593, fashion=0.563, financial=0.682, food=0.809, gambling=0.800, gambling_adjacent=0.462, hardware_electronics=0.786, health=0.792, other=0.517, toys=0.353
2026-08-12 18:05:37,241 | INFO | MainThread | epoch 43 dev st3 per-label F1: age_restricted_or_prohibited_product=0.560, direct_exhortation=0.332, hfss_food_marketing=0.375, inadequate_disclosure=0.319, insufficient_context=0.706, misleading_claim=0.763, no_flag=0.441, undisclosed_advertising=0.583
2026-08-12 18:05:37,241 | INFO | MainThread | epoch 43 dev st3_family per-label F1: content=0.772, disclosure=0.616, housekeeping=0.478, product=0.513
2026-08-12 18:07:12,907 | INFO | MainThread | epoch 44: mean train loss = 0.0853
2026-08-12 18:07:21,639 | INFO | MainThread | epoch 44 dev metrics (tuned thresholds): st1_macro_f1=0.739, st2_macro_f1=0.649, st3_macro_f1=0.481, st3_family_macro_f1=0.579, mean_macro_f1=0.623
2026-08-12 18:07:21,639 | INFO | MainThread | epoch 44 dev st1 per-label F1: digital_content_or_services=0.883, none=0.455, physical_goods=0.862, physical_services=0.756
2026-08-12 18:07:21,639 | INFO | MainThread | epoch 44 dev st2 per-label F1: apps=0.760, creator_community=0.561, education=0.615, fashion=0.569, financial=0.714, food=0.818, gambling=0.800, gambling_adjacent=0.457, hardware_electronics=0.786, health=0.808, other=0.519, toys=0.381
2026-08-12 18:07:21,639 | INFO | MainThread | epoch 44 dev st3 per-label F1: age_restricted_or_prohibited_product=0.381, direct_exhortation=0.241, hfss_food_marketing=0.400, inadequate_disclosure=0.227, insufficient_context=0.706, misleading_claim=0.753, no_flag=0.576, undisclosed_advertising=0.562
2026-08-12 18:07:21,639 | INFO | MainThread | epoch 44 dev st3_family per-label F1: content=0.738, disclosure=0.590, housekeeping=0.588, product=0.400
2026-08-12 18:08:57,268 | INFO | MainThread | epoch 45: mean train loss = 0.0772
2026-08-12 18:09:06,269 | INFO | MainThread | epoch 45 dev metrics (tuned thresholds): st1_macro_f1=0.663, st2_macro_f1=0.656, st3_macro_f1=0.456, st3_family_macro_f1=0.591, mean_macro_f1=0.592
2026-08-12 18:09:06,269 | INFO | MainThread | epoch 45 dev st1 per-label F1: digital_content_or_services=0.876, none=0.235, physical_goods=0.859, physical_services=0.682
2026-08-12 18:09:06,269 | INFO | MainThread | epoch 45 dev st2 per-label F1: apps=0.753, creator_community=0.574, education=0.593, fashion=0.571, financial=0.743, food=0.826, gambling=0.800, gambling_adjacent=0.400, hardware_electronics=0.812, health=0.846, other=0.473, toys=0.476
2026-08-12 18:09:06,269 | INFO | MainThread | epoch 45 dev st3 per-label F1: age_restricted_or_prohibited_product=0.455, direct_exhortation=0.159, hfss_food_marketing=0.400, inadequate_disclosure=0.274, insufficient_context=0.571, misleading_claim=0.742, no_flag=0.540, undisclosed_advertising=0.511
2026-08-12 18:09:06,269 | INFO | MainThread | epoch 45 dev st3_family per-label F1: content=0.750, disclosure=0.614, housekeeping=0.562, product=0.437
2026-08-12 18:10:42,310 | INFO | MainThread | epoch 46: mean train loss = 0.0686
2026-08-12 18:10:51,059 | INFO | MainThread | epoch 46 dev metrics (tuned thresholds): st1_macro_f1=0.677, st2_macro_f1=0.640, st3_macro_f1=0.492, st3_family_macro_f1=0.592, mean_macro_f1=0.603
2026-08-12 18:10:51,059 | INFO | MainThread | epoch 46 dev st1 per-label F1: digital_content_or_services=0.872, none=0.235, physical_goods=0.862, physical_services=0.739
2026-08-12 18:10:51,059 | INFO | MainThread | epoch 46 dev st2 per-label F1: apps=0.766, creator_community=0.547, education=0.615, fashion=0.569, financial=0.714, food=0.821, gambling=0.667, gambling_adjacent=0.377, hardware_electronics=0.795, health=0.846, other=0.484, toys=0.476
2026-08-12 18:10:51,059 | INFO | MainThread | epoch 46 dev st3 per-label F1: age_restricted_or_prohibited_product=0.500, direct_exhortation=0.286, hfss_food_marketing=0.400, inadequate_disclosure=0.247, insufficient_context=0.667, misleading_claim=0.754, no_flag=0.560, undisclosed_advertising=0.524
2026-08-12 18:10:51,059 | INFO | MainThread | epoch 46 dev st3_family per-label F1: content=0.759, disclosure=0.562, housekeeping=0.577, product=0.471
2026-08-12 18:12:26,929 | INFO | MainThread | epoch 47: mean train loss = 0.0682
2026-08-12 18:12:35,588 | INFO | MainThread | epoch 47 dev metrics (tuned thresholds): st1_macro_f1=0.610, st2_macro_f1=0.633, st3_macro_f1=0.503, st3_family_macro_f1=0.600, mean_macro_f1=0.582
2026-08-12 18:12:35,588 | INFO | MainThread | epoch 47 dev st1 per-label F1: digital_content_or_services=0.872, none=0.000, physical_goods=0.856, physical_services=0.711
2026-08-12 18:12:35,588 | INFO | MainThread | epoch 47 dev st2 per-label F1: apps=0.749, creator_community=0.471, education=0.571, fashion=0.592, financial=0.683, food=0.813, gambling=0.800, gambling_adjacent=0.444, hardware_electronics=0.754, health=0.814, other=0.490, toys=0.417
2026-08-12 18:12:35,588 | INFO | MainThread | epoch 47 dev st3 per-label F1: age_restricted_or_prohibited_product=0.480, direct_exhortation=0.203, hfss_food_marketing=0.444, inadequate_disclosure=0.305, insufficient_context=0.714, misleading_claim=0.766, no_flag=0.519, undisclosed_advertising=0.589
2026-08-12 18:12:35,589 | INFO | MainThread | epoch 47 dev st3_family per-label F1: content=0.780, disclosure=0.613, housekeeping=0.537, product=0.471
2026-08-12 18:14:11,810 | INFO | MainThread | epoch 48: mean train loss = 0.0710
2026-08-12 18:14:20,632 | INFO | MainThread | epoch 48 dev metrics (tuned thresholds): st1_macro_f1=0.635, st2_macro_f1=0.642, st3_macro_f1=0.463, st3_family_macro_f1=0.582, mean_macro_f1=0.580
2026-08-12 18:14:20,632 | INFO | MainThread | epoch 48 dev st1 per-label F1: digital_content_or_services=0.876, none=0.118, physical_goods=0.863, physical_services=0.682
2026-08-12 18:14:20,632 | INFO | MainThread | epoch 48 dev st2 per-label F1: apps=0.780, creator_community=0.544, education=0.593, fashion=0.607, financial=0.711, food=0.824, gambling=0.667, gambling_adjacent=0.456, hardware_electronics=0.785, health=0.833, other=0.432, toys=0.471
2026-08-12 18:14:20,632 | INFO | MainThread | epoch 48 dev st3 per-label F1: age_restricted_or_prohibited_product=0.444, direct_exhortation=0.243, hfss_food_marketing=0.308, inadequate_disclosure=0.233, insufficient_context=0.632, misleading_claim=0.738, no_flag=0.563, undisclosed_advertising=0.547
2026-08-12 18:14:20,633 | INFO | MainThread | epoch 48 dev st3_family per-label F1: content=0.741, disclosure=0.602, housekeeping=0.585, product=0.400
2026-08-12 18:15:56,457 | INFO | MainThread | epoch 49: mean train loss = 0.0659
2026-08-12 18:16:05,146 | INFO | MainThread | epoch 49 dev metrics (tuned thresholds): st1_macro_f1=0.630, st2_macro_f1=0.632, st3_macro_f1=0.466, st3_family_macro_f1=0.569, mean_macro_f1=0.576
2026-08-12 18:16:05,146 | INFO | MainThread | epoch 49 dev st1 per-label F1: digital_content_or_services=0.871, none=0.125, physical_goods=0.858, physical_services=0.667
2026-08-12 18:16:05,147 | INFO | MainThread | epoch 49 dev st2 per-label F1: apps=0.755, creator_community=0.605, education=0.583, fashion=0.514, financial=0.722, food=0.857, gambling=0.667, gambling_adjacent=0.385, hardware_electronics=0.800, health=0.841, other=0.454, toys=0.400
2026-08-12 18:16:05,147 | INFO | MainThread | epoch 49 dev st3 per-label F1: age_restricted_or_prohibited_product=0.381, direct_exhortation=0.231, hfss_food_marketing=0.353, inadequate_disclosure=0.179, insufficient_context=0.706, misleading_claim=0.748, no_flag=0.555, undisclosed_advertising=0.578
2026-08-12 18:16:05,147 | INFO | MainThread | epoch 49 dev st3_family per-label F1: content=0.746, disclosure=0.561, housekeeping=0.580, product=0.389
2026-08-12 18:17:41,203 | INFO | MainThread | epoch 50: mean train loss = 0.0625
2026-08-12 18:17:50,031 | INFO | MainThread | epoch 50 dev metrics (tuned thresholds): st1_macro_f1=0.653, st2_macro_f1=0.659, st3_macro_f1=0.491, st3_family_macro_f1=0.599, mean_macro_f1=0.601
2026-08-12 18:17:50,031 | INFO | MainThread | epoch 50 dev st1 per-label F1: digital_content_or_services=0.871, none=0.235, physical_goods=0.854, physical_services=0.651
2026-08-12 18:17:50,031 | INFO | MainThread | epoch 50 dev st2 per-label F1: apps=0.759, creator_community=0.559, education=0.615, fashion=0.624, financial=0.762, food=0.787, gambling=0.800, gambling_adjacent=0.421, hardware_electronics=0.810, health=0.843, other=0.476, toys=0.455
2026-08-12 18:17:50,031 | INFO | MainThread | epoch 50 dev st3 per-label F1: age_restricted_or_prohibited_product=0.522, direct_exhortation=0.226, hfss_food_marketing=0.500, inadequate_disclosure=0.271, insufficient_context=0.545, misleading_claim=0.769, no_flag=0.529, undisclosed_advertising=0.567
2026-08-12 18:17:50,032 | INFO | MainThread | epoch 50 dev st3_family per-label F1: content=0.771, disclosure=0.558, housekeeping=0.550, product=0.516
2026-08-12 18:19:25,950 | INFO | MainThread | epoch 51: mean train loss = 0.0587
2026-08-12 18:19:34,660 | INFO | MainThread | epoch 51 dev metrics (tuned thresholds): st1_macro_f1=0.678, st2_macro_f1=0.653, st3_macro_f1=0.489, st3_family_macro_f1=0.588, mean_macro_f1=0.607
2026-08-12 18:19:34,660 | INFO | MainThread | epoch 51 dev st1 per-label F1: digital_content_or_services=0.875, none=0.300, physical_goods=0.857, physical_services=0.682
2026-08-12 18:19:34,661 | INFO | MainThread | epoch 51 dev st2 per-label F1: apps=0.751, creator_community=0.558, education=0.593, fashion=0.595, financial=0.800, food=0.819, gambling=0.800, gambling_adjacent=0.432, hardware_electronics=0.815, health=0.800, other=0.497, toys=0.370
2026-08-12 18:19:34,661 | INFO | MainThread | epoch 51 dev st3 per-label F1: age_restricted_or_prohibited_product=0.455, direct_exhortation=0.159, hfss_food_marketing=0.500, inadequate_disclosure=0.268, insufficient_context=0.667, misleading_claim=0.745, no_flag=0.543, undisclosed_advertising=0.579
2026-08-12 18:19:34,661 | INFO | MainThread | epoch 51 dev st3_family per-label F1: content=0.738, disclosure=0.593, housekeeping=0.554, product=0.467
2026-08-12 18:21:10,704 | INFO | MainThread | epoch 52: mean train loss = 0.0660
2026-08-12 18:21:19,589 | INFO | MainThread | epoch 52 dev metrics (tuned thresholds): st1_macro_f1=0.687, st2_macro_f1=0.641, st3_macro_f1=0.502, st3_family_macro_f1=0.585, mean_macro_f1=0.610
2026-08-12 18:21:19,589 | INFO | MainThread | epoch 52 dev st1 per-label F1: digital_content_or_services=0.874, none=0.273, physical_goods=0.862, physical_services=0.739
2026-08-12 18:21:19,589 | INFO | MainThread | epoch 52 dev st2 per-label F1: apps=0.751, creator_community=0.522, education=0.593, fashion=0.613, financial=0.681, food=0.792, gambling=0.800, gambling_adjacent=0.426, hardware_electronics=0.807, health=0.815, other=0.456, toys=0.444
2026-08-12 18:21:19,590 | INFO | MainThread | epoch 52 dev st3 per-label F1: age_restricted_or_prohibited_product=0.522, direct_exhortation=0.267, hfss_food_marketing=0.500, inadequate_disclosure=0.256, insufficient_context=0.667, misleading_claim=0.759, no_flag=0.439, undisclosed_advertising=0.604
2026-08-12 18:21:19,590 | INFO | MainThread | epoch 52 dev st3_family per-label F1: content=0.754, disclosure=0.608, housekeeping=0.463, product=0.516
2026-08-12 18:22:55,596 | INFO | MainThread | epoch 53: mean train loss = 0.0723
2026-08-12 18:23:04,300 | INFO | MainThread | epoch 53 dev metrics (tuned thresholds): st1_macro_f1=0.618, st2_macro_f1=0.643, st3_macro_f1=0.479, st3_family_macro_f1=0.569, mean_macro_f1=0.580
2026-08-12 18:23:04,300 | INFO | MainThread | epoch 53 dev st1 per-label F1: digital_content_or_services=0.878, none=0.000, physical_goods=0.866, physical_services=0.727
2026-08-12 18:23:04,300 | INFO | MainThread | epoch 53 dev st2 per-label F1: apps=0.760, creator_community=0.506, education=0.593, fashion=0.589, financial=0.769, food=0.821, gambling=0.800, gambling_adjacent=0.439, hardware_electronics=0.797, health=0.815, other=0.476, toys=0.357
2026-08-12 18:23:04,301 | INFO | MainThread | epoch 53 dev st3 per-label F1: age_restricted_or_prohibited_product=0.455, direct_exhortation=0.189, hfss_food_marketing=0.308, inadequate_disclosure=0.332, insufficient_context=0.667, misleading_claim=0.758, no_flag=0.515, undisclosed_advertising=0.606
2026-08-12 18:23:04,301 | INFO | MainThread | epoch 53 dev st3_family per-label F1: content=0.754, disclosure=0.584, housekeeping=0.538, product=0.400
2026-08-12 18:24:40,308 | INFO | MainThread | epoch 54: mean train loss = 0.0577
2026-08-12 18:24:49,336 | INFO | MainThread | epoch 54 dev metrics (tuned thresholds): st1_macro_f1=0.674, st2_macro_f1=0.645, st3_macro_f1=0.483, st3_family_macro_f1=0.587, mean_macro_f1=0.601
2026-08-12 18:24:49,337 | INFO | MainThread | epoch 54 dev st1 per-label F1: digital_content_or_services=0.868, none=0.235, physical_goods=0.854, physical_services=0.739
2026-08-12 18:24:49,337 | INFO | MainThread | epoch 54 dev st2 per-label F1: apps=0.770, creator_community=0.532, education=0.615, fashion=0.590, financial=0.762, food=0.800, gambling=0.800, gambling_adjacent=0.408, hardware_electronics=0.795, health=0.851, other=0.500, toys=0.320
2026-08-12 18:24:49,337 | INFO | MainThread | epoch 54 dev st3 per-label F1: age_restricted_or_prohibited_product=0.455, direct_exhortation=0.217, hfss_food_marketing=0.364, inadequate_disclosure=0.272, insufficient_context=0.750, misleading_claim=0.741, no_flag=0.572, undisclosed_advertising=0.492
2026-08-12 18:24:49,337 | INFO | MainThread | epoch 54 dev st3_family per-label F1: content=0.741, disclosure=0.595, housekeeping=0.587, product=0.424
2026-08-12 18:26:25,157 | INFO | MainThread | epoch 55: mean train loss = 0.0584
2026-08-12 18:26:33,916 | INFO | MainThread | epoch 55 dev metrics (tuned thresholds): st1_macro_f1=0.759, st2_macro_f1=0.638, st3_macro_f1=0.499, st3_family_macro_f1=0.591, mean_macro_f1=0.632
2026-08-12 18:26:33,917 | INFO | MainThread | epoch 55 dev st1 per-label F1: digital_content_or_services=0.871, none=0.545, physical_goods=0.853, physical_services=0.766
2026-08-12 18:26:33,917 | INFO | MainThread | epoch 55 dev st2 per-label F1: apps=0.755, creator_community=0.522, education=0.615, fashion=0.542, financial=0.737, food=0.842, gambling=0.800, gambling_adjacent=0.400, hardware_electronics=0.768, health=0.843, other=0.500, toys=0.333
2026-08-12 18:26:33,917 | INFO | MainThread | epoch 55 dev st3 per-label F1: age_restricted_or_prohibited_product=0.455, direct_exhortation=0.182, hfss_food_marketing=0.364, inadequate_disclosure=0.249, insufficient_context=0.750, misleading_claim=0.764, no_flag=0.566, undisclosed_advertising=0.662
2026-08-12 18:26:33,917 | INFO | MainThread | epoch 55 dev st3_family per-label F1: content=0.763, disclosure=0.596, housekeeping=0.581, product=0.424
2026-08-12 18:28:09,885 | INFO | MainThread | epoch 56: mean train loss = 0.0393
2026-08-12 18:28:18,875 | INFO | MainThread | epoch 56 dev metrics (tuned thresholds): st1_macro_f1=0.716, st2_macro_f1=0.639, st3_macro_f1=0.452, st3_family_macro_f1=0.570, mean_macro_f1=0.602
2026-08-12 18:28:18,876 | INFO | MainThread | epoch 56 dev st1 per-label F1: digital_content_or_services=0.871, none=0.417, physical_goods=0.853, physical_services=0.723
2026-08-12 18:28:18,876 | INFO | MainThread | epoch 56 dev st2 per-label F1: apps=0.737, creator_community=0.484, education=0.615, fashion=0.516, financial=0.780, food=0.796, gambling=0.800, gambling_adjacent=0.486, hardware_electronics=0.795, health=0.819, other=0.434, toys=0.400
2026-08-12 18:28:18,876 | INFO | MainThread | epoch 56 dev st3 per-label F1: age_restricted_or_prohibited_product=0.435, direct_exhortation=0.227, hfss_food_marketing=0.364, inadequate_disclosure=0.242, insufficient_context=0.500, misleading_claim=0.753, no_flag=0.496, undisclosed_advertising=0.596
2026-08-12 18:28:18,876 | INFO | MainThread | epoch 56 dev st3_family per-label F1: content=0.766, disclosure=0.585, housekeeping=0.504, product=0.424
2026-08-12 18:29:54,873 | INFO | MainThread | epoch 57: mean train loss = 0.0510
2026-08-12 18:30:03,589 | INFO | MainThread | epoch 57 dev metrics (tuned thresholds): st1_macro_f1=0.734, st2_macro_f1=0.647, st3_macro_f1=0.467, st3_family_macro_f1=0.581, mean_macro_f1=0.616
2026-08-12 18:30:03,589 | INFO | MainThread | epoch 57 dev st1 per-label F1: digital_content_or_services=0.875, none=0.476, physical_goods=0.858, physical_services=0.727
2026-08-12 18:30:03,589 | INFO | MainThread | epoch 57 dev st2 per-label F1: apps=0.765, creator_community=0.545, education=0.615, fashion=0.545, financial=0.711, food=0.839, gambling=0.800, gambling_adjacent=0.471, hardware_electronics=0.798, health=0.871, other=0.487, toys=0.320
2026-08-12 18:30:03,589 | INFO | MainThread | epoch 57 dev st3 per-label F1: age_restricted_or_prohibited_product=0.417, direct_exhortation=0.234, hfss_food_marketing=0.444, inadequate_disclosure=0.178, insufficient_context=0.556, misleading_claim=0.742, no_flag=0.553, undisclosed_advertising=0.615
2026-08-12 18:30:03,590 | INFO | MainThread | epoch 57 dev st3_family per-label F1: content=0.750, disclosure=0.576, housekeeping=0.572, product=0.424
2026-08-12 18:31:39,604 | INFO | MainThread | epoch 58: mean train loss = 0.0475
2026-08-12 18:31:48,655 | INFO | MainThread | epoch 58 dev metrics (tuned thresholds): st1_macro_f1=0.594, st2_macro_f1=0.647, st3_macro_f1=0.489, st3_family_macro_f1=0.583, mean_macro_f1=0.577
2026-08-12 18:31:48,655 | INFO | MainThread | epoch 58 dev st1 per-label F1: digital_content_or_services=0.866, none=0.000, physical_goods=0.843, physical_services=0.667
2026-08-12 18:31:48,655 | INFO | MainThread | epoch 58 dev st2 per-label F1: apps=0.771, creator_community=0.588, education=0.615, fashion=0.566, financial=0.696, food=0.809, gambling=0.727, gambling_adjacent=0.435, hardware_electronics=0.793, health=0.863, other=0.483, toys=0.417
2026-08-12 18:31:48,655 | INFO | MainThread | epoch 58 dev st3 per-label F1: age_restricted_or_prohibited_product=0.435, direct_exhortation=0.185, hfss_food_marketing=0.500, inadequate_disclosure=0.266, insufficient_context=0.706, misleading_claim=0.740, no_flag=0.540, undisclosed_advertising=0.542
2026-08-12 18:31:48,655 | INFO | MainThread | epoch 58 dev st3_family per-label F1: content=0.735, disclosure=0.579, housekeeping=0.566, product=0.452
2026-08-12 18:33:24,727 | INFO | MainThread | epoch 59: mean train loss = 0.0576
2026-08-12 18:33:33,543 | INFO | MainThread | epoch 59 dev metrics (tuned thresholds): st1_macro_f1=0.728, st2_macro_f1=0.640, st3_macro_f1=0.497, st3_family_macro_f1=0.605, mean_macro_f1=0.622
2026-08-12 18:33:33,544 | INFO | MainThread | epoch 59 dev st1 per-label F1: digital_content_or_services=0.881, none=0.455, physical_goods=0.864, physical_services=0.714
2026-08-12 18:33:33,544 | INFO | MainThread | epoch 59 dev st2 per-label F1: apps=0.784, creator_community=0.543, education=0.615, fashion=0.562, financial=0.780, food=0.845, gambling=0.727, gambling_adjacent=0.444, hardware_electronics=0.792, health=0.830, other=0.459, toys=0.300
2026-08-12 18:33:33,544 | INFO | MainThread | epoch 59 dev st3 per-label F1: age_restricted_or_prohibited_product=0.519, direct_exhortation=0.200, hfss_food_marketing=0.400, inadequate_disclosure=0.275, insufficient_context=0.706, misleading_claim=0.739, no_flag=0.570, undisclosed_advertising=0.568
2026-08-12 18:33:33,544 | INFO | MainThread | epoch 59 dev st3_family per-label F1: content=0.727, disclosure=0.614, housekeeping=0.594, product=0.486
2026-08-12 18:35:09,503 | INFO | MainThread | epoch 60: mean train loss = 0.0517
2026-08-12 18:35:18,463 | INFO | MainThread | epoch 60 dev metrics (tuned thresholds): st1_macro_f1=0.606, st2_macro_f1=0.644, st3_macro_f1=0.439, st3_family_macro_f1=0.577, mean_macro_f1=0.563
2026-08-12 18:35:18,463 | INFO | MainThread | epoch 60 dev st1 per-label F1: digital_content_or_services=0.862, none=0.000, physical_goods=0.852, physical_services=0.711
2026-08-12 18:35:18,463 | INFO | MainThread | epoch 60 dev st2 per-label F1: apps=0.770, creator_community=0.552, education=0.615, fashion=0.557, financial=0.727, food=0.842, gambling=0.727, gambling_adjacent=0.429, hardware_electronics=0.788, health=0.880, other=0.490, toys=0.353
2026-08-12 18:35:18,463 | INFO | MainThread | epoch 60 dev st3 per-label F1: age_restricted_or_prohibited_product=0.417, direct_exhortation=0.253, hfss_food_marketing=0.500, inadequate_disclosure=0.271, insufficient_context=0.200, misleading_claim=0.735, no_flag=0.549, undisclosed_advertising=0.591
2026-08-12 18:35:18,464 | INFO | MainThread | epoch 60 dev st3_family per-label F1: content=0.734, disclosure=0.590, housekeeping=0.546, product=0.437
2026-08-12 18:36:54,453 | INFO | MainThread | epoch 61: mean train loss = 0.0401
2026-08-12 18:37:03,211 | INFO | MainThread | epoch 61 dev metrics (tuned thresholds): st1_macro_f1=0.671, st2_macro_f1=0.632, st3_macro_f1=0.482, st3_family_macro_f1=0.593, mean_macro_f1=0.595
2026-08-12 18:37:03,211 | INFO | MainThread | epoch 61 dev st1 per-label F1: digital_content_or_services=0.872, none=0.222, physical_goods=0.851, physical_services=0.739
2026-08-12 18:37:03,211 | INFO | MainThread | epoch 61 dev st2 per-label F1: apps=0.778, creator_community=0.536, education=0.615, fashion=0.571, financial=0.718, food=0.860, gambling=0.667, gambling_adjacent=0.490, hardware_electronics=0.778, health=0.800, other=0.503, toys=0.273
2026-08-12 18:37:03,212 | INFO | MainThread | epoch 61 dev st3 per-label F1: age_restricted_or_prohibited_product=0.455, direct_exhortation=0.169, hfss_food_marketing=0.400, inadequate_disclosure=0.290, insufficient_context=0.625, misleading_claim=0.749, no_flag=0.568, undisclosed_advertising=0.599
2026-08-12 18:37:03,212 | INFO | MainThread | epoch 61 dev st3_family per-label F1: content=0.729, disclosure=0.627, housekeeping=0.577, product=0.437
2026-08-12 18:38:39,383 | INFO | MainThread | epoch 62: mean train loss = 0.0394
2026-08-12 18:38:48,328 | INFO | MainThread | epoch 62 dev metrics (tuned thresholds): st1_macro_f1=0.670, st2_macro_f1=0.644, st3_macro_f1=0.508, st3_family_macro_f1=0.610, mean_macro_f1=0.607
2026-08-12 18:38:48,328 | INFO | MainThread | epoch 62 dev st1 per-label F1: digital_content_or_services=0.865, none=0.211, physical_goods=0.856, physical_services=0.750
2026-08-12 18:38:48,328 | INFO | MainThread | epoch 62 dev st2 per-label F1: apps=0.745, creator_community=0.565, education=0.615, fashion=0.559, financial=0.698, food=0.851, gambling=0.800, gambling_adjacent=0.455, hardware_electronics=0.784, health=0.827, other=0.480, toys=0.348
2026-08-12 18:38:48,329 | INFO | MainThread | epoch 62 dev st3 per-label F1: age_restricted_or_prohibited_product=0.519, direct_exhortation=0.234, hfss_food_marketing=0.571, inadequate_disclosure=0.318, insufficient_context=0.615, misleading_claim=0.747, no_flag=0.530, undisclosed_advertising=0.531
2026-08-12 18:38:48,329 | INFO | MainThread | epoch 62 dev st3_family per-label F1: content=0.744, disclosure=0.627, housekeeping=0.541, product=0.529
2026-08-12 18:40:24,402 | INFO | MainThread | epoch 63: mean train loss = 0.0547
2026-08-12 18:40:33,162 | INFO | MainThread | epoch 63 dev metrics (tuned thresholds): st1_macro_f1=0.649, st2_macro_f1=0.645, st3_macro_f1=0.498, st3_family_macro_f1=0.611, mean_macro_f1=0.597
2026-08-12 18:40:33,162 | INFO | MainThread | epoch 63 dev st1 per-label F1: digital_content_or_services=0.864, none=0.125, physical_goods=0.849, physical_services=0.756
2026-08-12 18:40:33,163 | INFO | MainThread | epoch 63 dev st2 per-label F1: apps=0.767, creator_community=0.578, education=0.615, fashion=0.504, financial=0.732, food=0.857, gambling=0.800, gambling_adjacent=0.414, hardware_electronics=0.792, health=0.851, other=0.476, toys=0.353
2026-08-12 18:40:33,163 | INFO | MainThread | epoch 63 dev st3 per-label F1: age_restricted_or_prohibited_product=0.538, direct_exhortation=0.240, hfss_food_marketing=0.571, inadequate_disclosure=0.269, insufficient_context=0.522, misleading_claim=0.745, no_flag=0.512, undisclosed_advertising=0.585
2026-08-12 18:40:33,163 | INFO | MainThread | epoch 63 dev st3_family per-label F1: content=0.757, disclosure=0.608, housekeeping=0.534, product=0.545
2026-08-12 18:42:09,074 | INFO | MainThread | epoch 64: mean train loss = 0.0312
2026-08-12 18:42:17,975 | INFO | MainThread | epoch 64 dev metrics (tuned thresholds): st1_macro_f1=0.678, st2_macro_f1=0.656, st3_macro_f1=0.470, st3_family_macro_f1=0.594, mean_macro_f1=0.601
2026-08-12 18:42:17,975 | INFO | MainThread | epoch 64 dev st1 per-label F1: digital_content_or_services=0.877, none=0.222, physical_goods=0.857, physical_services=0.756
2026-08-12 18:42:17,975 | INFO | MainThread | epoch 64 dev st2 per-label F1: apps=0.772, creator_community=0.566, education=0.696, fashion=0.557, financial=0.750, food=0.796, gambling=0.800, gambling_adjacent=0.486, hardware_electronics=0.805, health=0.843, other=0.444, toys=0.353
2026-08-12 18:42:17,975 | INFO | MainThread | epoch 64 dev st3 per-label F1: age_restricted_or_prohibited_product=0.480, direct_exhortation=0.139, hfss_food_marketing=0.500, inadequate_disclosure=0.271, insufficient_context=0.500, misleading_claim=0.726, no_flag=0.555, undisclosed_advertising=0.588
2026-08-12 18:42:17,975 | INFO | MainThread | epoch 64 dev st3_family per-label F1: content=0.711, disclosure=0.614, housekeeping=0.563, product=0.486
2026-08-12 18:43:54,009 | INFO | MainThread | epoch 65: mean train loss = 0.0338
2026-08-12 18:44:02,855 | INFO | MainThread | epoch 65 dev metrics (tuned thresholds): st1_macro_f1=0.671, st2_macro_f1=0.626, st3_macro_f1=0.485, st3_family_macro_f1=0.614, mean_macro_f1=0.594
2026-08-12 18:44:02,855 | INFO | MainThread | epoch 65 dev st1 per-label F1: digital_content_or_services=0.863, none=0.235, physical_goods=0.851, physical_services=0.735
2026-08-12 18:44:02,855 | INFO | MainThread | epoch 65 dev st2 per-label F1: apps=0.711, creator_community=0.512, education=0.615, fashion=0.523, financial=0.682, food=0.830, gambling=0.727, gambling_adjacent=0.465, hardware_electronics=0.803, health=0.843, other=0.462, toys=0.333
2026-08-12 18:44:02,855 | INFO | MainThread | epoch 65 dev st3 per-label F1: age_restricted_or_prohibited_product=0.538, direct_exhortation=0.235, hfss_food_marketing=0.500, inadequate_disclosure=0.282, insufficient_context=0.500, misleading_claim=0.764, no_flag=0.572, undisclosed_advertising=0.489
2026-08-12 18:44:02,856 | INFO | MainThread | epoch 65 dev st3_family per-label F1: content=0.743, disclosure=0.591, housekeeping=0.580, product=0.541
2026-08-12 18:45:39,129 | INFO | MainThread | epoch 66: mean train loss = 0.0354
2026-08-12 18:45:48,076 | INFO | MainThread | epoch 66 dev metrics (tuned thresholds): st1_macro_f1=0.673, st2_macro_f1=0.643, st3_macro_f1=0.492, st3_family_macro_f1=0.597, mean_macro_f1=0.603
2026-08-12 18:45:48,076 | INFO | MainThread | epoch 66 dev st1 per-label F1: digital_content_or_services=0.882, none=0.235, physical_goods=0.862, physical_services=0.711
2026-08-12 18:45:48,076 | INFO | MainThread | epoch 66 dev st2 per-label F1: apps=0.767, creator_community=0.542, education=0.615, fashion=0.526, financial=0.700, food=0.857, gambling=0.800, gambling_adjacent=0.444, hardware_electronics=0.794, health=0.846, other=0.503, toys=0.316
2026-08-12 18:45:48,076 | INFO | MainThread | epoch 66 dev st3 per-label F1: age_restricted_or_prohibited_product=0.462, direct_exhortation=0.210, hfss_food_marketing=0.462, inadequate_disclosure=0.298, insufficient_context=0.667, misleading_claim=0.744, no_flag=0.575, undisclosed_advertising=0.520
2026-08-12 18:45:48,076 | INFO | MainThread | epoch 66 dev st3_family per-label F1: content=0.737, disclosure=0.593, housekeeping=0.584, product=0.474
2026-08-12 18:47:24,236 | INFO | MainThread | epoch 67: mean train loss = 0.0375
2026-08-12 18:47:32,983 | INFO | MainThread | epoch 67 dev metrics (tuned thresholds): st1_macro_f1=0.668, st2_macro_f1=0.660, st3_macro_f1=0.468, st3_family_macro_f1=0.588, mean_macro_f1=0.599
2026-08-12 18:47:32,983 | INFO | MainThread | epoch 67 dev st1 per-label F1: digital_content_or_services=0.870, none=0.222, physical_goods=0.854, physical_services=0.727
2026-08-12 18:47:32,983 | INFO | MainThread | epoch 67 dev st2 per-label F1: apps=0.765, creator_community=0.544, education=0.615, fashion=0.569, financial=0.703, food=0.841, gambling=0.800, gambling_adjacent=0.542, hardware_electronics=0.789, health=0.832, other=0.507, toys=0.417
2026-08-12 18:47:32,983 | INFO | MainThread | epoch 67 dev st3 per-label F1: age_restricted_or_prohibited_product=0.455, direct_exhortation=0.144, hfss_food_marketing=0.545, inadequate_disclosure=0.246, insufficient_context=0.471, misleading_claim=0.750, no_flag=0.544, undisclosed_advertising=0.587
2026-08-12 18:47:32,984 | INFO | MainThread | epoch 67 dev st3_family per-label F1: content=0.748, disclosure=0.554, housekeeping=0.552, product=0.500
2026-08-12 18:49:09,172 | INFO | MainThread | epoch 68: mean train loss = 0.0406
2026-08-12 18:49:17,977 | INFO | MainThread | epoch 68 dev metrics (tuned thresholds): st1_macro_f1=0.667, st2_macro_f1=0.660, st3_macro_f1=0.481, st3_family_macro_f1=0.582, mean_macro_f1=0.603
2026-08-12 18:49:17,977 | INFO | MainThread | epoch 68 dev st1 per-label F1: digital_content_or_services=0.875, none=0.222, physical_goods=0.860, physical_services=0.708
2026-08-12 18:49:17,977 | INFO | MainThread | epoch 68 dev st2 per-label F1: apps=0.783, creator_community=0.600, education=0.615, fashion=0.574, financial=0.750, food=0.809, gambling=0.800, gambling_adjacent=0.476, hardware_electronics=0.787, health=0.827, other=0.500, toys=0.400
2026-08-12 18:49:17,977 | INFO | MainThread | epoch 68 dev st3 per-label F1: age_restricted_or_prohibited_product=0.500, direct_exhortation=0.202, hfss_food_marketing=0.364, inadequate_disclosure=0.235, insufficient_context=0.667, misleading_claim=0.732, no_flag=0.547, undisclosed_advertising=0.600
2026-08-12 18:49:17,977 | INFO | MainThread | epoch 68 dev st3_family per-label F1: content=0.716, disclosure=0.576, housekeeping=0.560, product=0.474
2026-08-12 18:50:53,853 | INFO | MainThread | epoch 69: mean train loss = 0.0318
2026-08-12 18:51:02,744 | INFO | MainThread | epoch 69 dev metrics (tuned thresholds): st1_macro_f1=0.633, st2_macro_f1=0.645, st3_macro_f1=0.467, st3_family_macro_f1=0.573, mean_macro_f1=0.582
2026-08-12 18:51:02,744 | INFO | MainThread | epoch 69 dev st1 per-label F1: digital_content_or_services=0.872, none=0.118, physical_goods=0.859, physical_services=0.682
2026-08-12 18:51:02,745 | INFO | MainThread | epoch 69 dev st2 per-label F1: apps=0.776, creator_community=0.567, education=0.615, fashion=0.520, financial=0.732, food=0.826, gambling=0.727, gambling_adjacent=0.491, hardware_electronics=0.803, health=0.827, other=0.438, toys=0.421
2026-08-12 18:51:02,745 | INFO | MainThread | epoch 69 dev st3 per-label F1: age_restricted_or_prohibited_product=0.444, direct_exhortation=0.163, hfss_food_marketing=0.429, inadequate_disclosure=0.249, insufficient_context=0.632, misleading_claim=0.746, no_flag=0.537, undisclosed_advertising=0.537
2026-08-12 18:51:02,745 | INFO | MainThread | epoch 69 dev st3_family per-label F1: content=0.716, disclosure=0.558, housekeeping=0.554, product=0.462
2026-08-12 18:52:38,872 | INFO | MainThread | epoch 70: mean train loss = 0.0256
2026-08-12 18:52:47,619 | INFO | MainThread | epoch 70 dev metrics (tuned thresholds): st1_macro_f1=0.606, st2_macro_f1=0.641, st3_macro_f1=0.474, st3_family_macro_f1=0.597, mean_macro_f1=0.574
2026-08-12 18:52:47,619 | INFO | MainThread | epoch 70 dev st1 per-label F1: digital_content_or_services=0.864, none=0.000, physical_goods=0.850, physical_services=0.711
2026-08-12 18:52:47,619 | INFO | MainThread | epoch 70 dev st2 per-label F1: apps=0.774, creator_community=0.585, education=0.615, fashion=0.567, financial=0.700, food=0.851, gambling=0.667, gambling_adjacent=0.462, hardware_electronics=0.800, health=0.811, other=0.479, toys=0.381
2026-08-12 18:52:47,620 | INFO | MainThread | epoch 70 dev st3 per-label F1: age_restricted_or_prohibited_product=0.519, direct_exhortation=0.192, hfss_food_marketing=0.429, inadequate_disclosure=0.320, insufficient_context=0.476, misleading_claim=0.742, no_flag=0.541, undisclosed_advertising=0.574
2026-08-12 18:52:47,620 | INFO | MainThread | epoch 70 dev st3_family per-label F1: content=0.736, disclosure=0.600, housekeeping=0.550, product=0.500
2026-08-12 18:54:23,639 | INFO | MainThread | epoch 71: mean train loss = 0.0366
2026-08-12 18:54:32,504 | INFO | MainThread | epoch 71 dev metrics (tuned thresholds): st1_macro_f1=0.745, st2_macro_f1=0.648, st3_macro_f1=0.469, st3_family_macro_f1=0.601, mean_macro_f1=0.621
2026-08-12 18:54:32,504 | INFO | MainThread | epoch 71 dev st1 per-label F1: digital_content_or_services=0.880, none=0.522, physical_goods=0.855, physical_services=0.723
2026-08-12 18:54:32,504 | INFO | MainThread | epoch 71 dev st2 per-label F1: apps=0.768, creator_community=0.588, education=0.615, fashion=0.528, financial=0.744, food=0.833, gambling=0.727, gambling_adjacent=0.449, hardware_electronics=0.793, health=0.808, other=0.500, toys=0.421
2026-08-12 18:54:32,504 | INFO | MainThread | epoch 71 dev st3 per-label F1: age_restricted_or_prohibited_product=0.538, direct_exhortation=0.085, hfss_food_marketing=0.462, inadequate_disclosure=0.287, insufficient_context=0.533, misleading_claim=0.746, no_flag=0.517, undisclosed_advertising=0.583
2026-08-12 18:54:32,504 | INFO | MainThread | epoch 71 dev st3_family per-label F1: content=0.748, disclosure=0.603, housekeeping=0.526, product=0.526
2026-08-12 18:56:08,606 | INFO | MainThread | epoch 72: mean train loss = 0.0275
2026-08-12 18:56:17,325 | INFO | MainThread | epoch 72 dev metrics (tuned thresholds): st1_macro_f1=0.649, st2_macro_f1=0.646, st3_macro_f1=0.504, st3_family_macro_f1=0.608, mean_macro_f1=0.600
2026-08-12 18:56:17,326 | INFO | MainThread | epoch 72 dev st1 per-label F1: digital_content_or_services=0.880, none=0.125, physical_goods=0.867, physical_services=0.723
2026-08-12 18:56:17,326 | INFO | MainThread | epoch 72 dev st2 per-label F1: apps=0.770, creator_community=0.551, education=0.615, fashion=0.529, financial=0.732, food=0.837, gambling=0.667, gambling_adjacent=0.529, hardware_electronics=0.805, health=0.824, other=0.491, toys=0.400
2026-08-12 18:56:17,326 | INFO | MainThread | epoch 72 dev st3 per-label F1: age_restricted_or_prohibited_product=0.560, direct_exhortation=0.109, hfss_food_marketing=0.500, inadequate_disclosure=0.259, insufficient_context=0.750, misleading_claim=0.758, no_flag=0.529, undisclosed_advertising=0.567
2026-08-12 18:56:17,326 | INFO | MainThread | epoch 72 dev st3_family per-label F1: content=0.743, disclosure=0.596, housekeeping=0.547, product=0.545
2026-08-12 18:57:53,515 | INFO | MainThread | epoch 73: mean train loss = 0.0245
2026-08-12 18:58:02,325 | INFO | MainThread | epoch 73 dev metrics (tuned thresholds): st1_macro_f1=0.681, st2_macro_f1=0.652, st3_macro_f1=0.456, st3_family_macro_f1=0.580, mean_macro_f1=0.596
2026-08-12 18:58:02,325 | INFO | MainThread | epoch 73 dev st1 per-label F1: digital_content_or_services=0.889, none=0.235, physical_goods=0.879, physical_services=0.720
2026-08-12 18:58:02,325 | INFO | MainThread | epoch 73 dev st2 per-label F1: apps=0.781, creator_community=0.542, education=0.615, fashion=0.566, financial=0.800, food=0.848, gambling=0.667, gambling_adjacent=0.500, hardware_electronics=0.812, health=0.851, other=0.489, toys=0.348
2026-08-12 18:58:02,325 | INFO | MainThread | epoch 73 dev st3 per-label F1: age_restricted_or_prohibited_product=0.522, direct_exhortation=0.176, hfss_food_marketing=0.364, inadequate_disclosure=0.219, insufficient_context=0.526, misleading_claim=0.741, no_flag=0.544, undisclosed_advertising=0.559
2026-08-12 18:58:02,326 | INFO | MainThread | epoch 73 dev st3_family per-label F1: content=0.730, disclosure=0.564, housekeeping=0.556, product=0.471
2026-08-12 18:59:38,333 | INFO | MainThread | epoch 74: mean train loss = 0.0252
2026-08-12 18:59:47,091 | INFO | MainThread | epoch 74 dev metrics (tuned thresholds): st1_macro_f1=0.655, st2_macro_f1=0.641, st3_macro_f1=0.489, st3_family_macro_f1=0.607, mean_macro_f1=0.595
2026-08-12 18:59:47,091 | INFO | MainThread | epoch 74 dev st1 per-label F1: digital_content_or_services=0.875, none=0.125, physical_goods=0.864, physical_services=0.756
2026-08-12 18:59:47,091 | INFO | MainThread | epoch 74 dev st2 per-label F1: apps=0.740, creator_community=0.523, education=0.615, fashion=0.558, financial=0.722, food=0.835, gambling=0.727, gambling_adjacent=0.490, hardware_electronics=0.812, health=0.835, other=0.496, toys=0.333
2026-08-12 18:59:47,091 | INFO | MainThread | epoch 74 dev st3 per-label F1: age_restricted_or_prohibited_product=0.522, direct_exhortation=0.214, hfss_food_marketing=0.500, inadequate_disclosure=0.286, insufficient_context=0.526, misleading_claim=0.768, no_flag=0.525, undisclosed_advertising=0.573
2026-08-12 18:59:47,091 | INFO | MainThread | epoch 74 dev st3_family per-label F1: content=0.762, disclosure=0.603, housekeeping=0.547, product=0.516
2026-08-12 19:01:23,264 | INFO | MainThread | epoch 75: mean train loss = 0.0451
2026-08-12 19:01:32,162 | INFO | MainThread | epoch 75 dev metrics (tuned thresholds): st1_macro_f1=0.620, st2_macro_f1=0.657, st3_macro_f1=0.495, st3_family_macro_f1=0.614, mean_macro_f1=0.591
2026-08-12 19:01:32,162 | INFO | MainThread | epoch 75 dev st1 per-label F1: digital_content_or_services=0.885, none=0.000, physical_goods=0.876, physical_services=0.720
2026-08-12 19:01:32,162 | INFO | MainThread | epoch 75 dev st2 per-label F1: apps=0.759, creator_community=0.596, education=0.615, fashion=0.600, financial=0.732, food=0.848, gambling=0.727, gambling_adjacent=0.476, hardware_electronics=0.831, health=0.819, other=0.463, toys=0.421
2026-08-12 19:01:32,162 | INFO | MainThread | epoch 75 dev st3 per-label F1: age_restricted_or_prohibited_product=0.560, direct_exhortation=0.167, hfss_food_marketing=0.500, inadequate_disclosure=0.266, insufficient_context=0.556, misleading_claim=0.739, no_flag=0.562, undisclosed_advertising=0.612
2026-08-12 19:01:32,162 | INFO | MainThread | epoch 75 dev st3_family per-label F1: content=0.737, disclosure=0.600, housekeeping=0.574, product=0.545
2026-08-12 19:03:08,101 | INFO | MainThread | epoch 76: mean train loss = 0.0286
2026-08-12 19:03:16,845 | INFO | MainThread | epoch 76 dev metrics (tuned thresholds): st1_macro_f1=0.608, st2_macro_f1=0.659, st3_macro_f1=0.453, st3_family_macro_f1=0.623, mean_macro_f1=0.573
2026-08-12 19:03:16,845 | INFO | MainThread | epoch 76 dev st1 per-label F1: digital_content_or_services=0.876, none=0.000, physical_goods=0.860, physical_services=0.694
2026-08-12 19:03:16,845 | INFO | MainThread | epoch 76 dev st2 per-label F1: apps=0.757, creator_community=0.571, education=0.615, fashion=0.596, financial=0.773, food=0.851, gambling=0.727, gambling_adjacent=0.500, hardware_electronics=0.802, health=0.865, other=0.447, toys=0.400
2026-08-12 19:03:16,846 | INFO | MainThread | epoch 76 dev st3 per-label F1: age_restricted_or_prohibited_product=0.538, direct_exhortation=0.092, hfss_food_marketing=0.500, inadequate_disclosure=0.313, insufficient_context=0.333, misleading_claim=0.764, no_flag=0.569, undisclosed_advertising=0.517
2026-08-12 19:03:16,846 | INFO | MainThread | epoch 76 dev st3_family per-label F1: content=0.765, disclosure=0.613, housekeeping=0.567, product=0.545
2026-08-12 19:04:53,069 | INFO | MainThread | epoch 77: mean train loss = 0.0282
2026-08-12 19:05:01,923 | INFO | MainThread | epoch 77 dev metrics (tuned thresholds): st1_macro_f1=0.697, st2_macro_f1=0.649, st3_macro_f1=0.470, st3_family_macro_f1=0.588, mean_macro_f1=0.605
2026-08-12 19:05:01,923 | INFO | MainThread | epoch 77 dev st1 per-label F1: digital_content_or_services=0.880, none=0.400, physical_goods=0.855, physical_services=0.652
2026-08-12 19:05:01,923 | INFO | MainThread | epoch 77 dev st2 per-label F1: apps=0.751, creator_community=0.588, education=0.615, fashion=0.574, financial=0.750, food=0.800, gambling=0.727, gambling_adjacent=0.457, hardware_electronics=0.809, health=0.851, other=0.482, toys=0.381
2026-08-12 19:05:01,923 | INFO | MainThread | epoch 77 dev st3 per-label F1: age_restricted_or_prohibited_product=0.522, direct_exhortation=0.122, hfss_food_marketing=0.429, inadequate_disclosure=0.234, insufficient_context=0.667, misleading_claim=0.754, no_flag=0.576, undisclosed_advertising=0.454
2026-08-12 19:05:01,923 | INFO | MainThread | epoch 77 dev st3_family per-label F1: content=0.747, disclosure=0.531, housekeeping=0.586, product=0.486
2026-08-12 19:06:38,122 | INFO | MainThread | epoch 78: mean train loss = 0.0293
2026-08-12 19:06:46,917 | INFO | MainThread | epoch 78 dev metrics (tuned thresholds): st1_macro_f1=0.711, st2_macro_f1=0.648, st3_macro_f1=0.481, st3_family_macro_f1=0.623, mean_macro_f1=0.613
2026-08-12 19:06:46,917 | INFO | MainThread | epoch 78 dev st1 per-label F1: digital_content_or_services=0.877, none=0.421, physical_goods=0.863, physical_services=0.681
2026-08-12 19:06:46,917 | INFO | MainThread | epoch 78 dev st2 per-label F1: apps=0.762, creator_community=0.592, education=0.615, fashion=0.586, financial=0.714, food=0.825, gambling=0.667, gambling_adjacent=0.550, hardware_electronics=0.798, health=0.830, other=0.459, toys=0.381
2026-08-12 19:06:46,917 | INFO | MainThread | epoch 78 dev st3 per-label F1: age_restricted_or_prohibited_product=0.500, direct_exhortation=0.183, hfss_food_marketing=0.400, inadequate_disclosure=0.270, insufficient_context=0.625, misleading_claim=0.760, no_flag=0.564, undisclosed_advertising=0.541
2026-08-12 19:06:46,917 | INFO | MainThread | epoch 78 dev st3_family per-label F1: content=0.768, disclosure=0.603, housekeeping=0.581, product=0.541
2026-08-12 19:08:22,946 | INFO | MainThread | epoch 79: mean train loss = 0.0342
2026-08-12 19:08:31,839 | INFO | MainThread | epoch 79 dev metrics (tuned thresholds): st1_macro_f1=0.647, st2_macro_f1=0.648, st3_macro_f1=0.489, st3_family_macro_f1=0.595, mean_macro_f1=0.594
2026-08-12 19:08:31,839 | INFO | MainThread | epoch 79 dev st1 per-label F1: digital_content_or_services=0.875, none=0.125, physical_goods=0.864, physical_services=0.723
2026-08-12 19:08:31,840 | INFO | MainThread | epoch 79 dev st2 per-label F1: apps=0.769, creator_community=0.545, education=0.615, fashion=0.550, financial=0.714, food=0.830, gambling=0.727, gambling_adjacent=0.514, hardware_electronics=0.800, health=0.848, other=0.503, toys=0.353
2026-08-12 19:08:31,840 | INFO | MainThread | epoch 79 dev st3 per-label F1: age_restricted_or_prohibited_product=0.455, direct_exhortation=0.278, hfss_food_marketing=0.444, inadequate_disclosure=0.286, insufficient_context=0.588, misleading_claim=0.756, no_flag=0.568, undisclosed_advertising=0.534
2026-08-12 19:08:31,840 | INFO | MainThread | epoch 79 dev st3_family per-label F1: content=0.761, disclosure=0.585, housekeeping=0.583, product=0.452
2026-08-12 19:10:07,877 | INFO | MainThread | epoch 80: mean train loss = 0.0241
2026-08-12 19:10:16,711 | INFO | MainThread | epoch 80 dev metrics (tuned thresholds): st1_macro_f1=0.635, st2_macro_f1=0.656, st3_macro_f1=0.457, st3_family_macro_f1=0.607, mean_macro_f1=0.583
2026-08-12 19:10:16,711 | INFO | MainThread | epoch 80 dev st1 per-label F1: digital_content_or_services=0.873, none=0.125, physical_goods=0.862, physical_services=0.680
2026-08-12 19:10:16,711 | INFO | MainThread | epoch 80 dev st2 per-label F1: apps=0.763, creator_community=0.556, education=0.615, fashion=0.600, financial=0.789, food=0.791, gambling=0.727, gambling_adjacent=0.471, hardware_electronics=0.802, health=0.840, other=0.477, toys=0.435
2026-08-12 19:10:16,711 | INFO | MainThread | epoch 80 dev st3 per-label F1: age_restricted_or_prohibited_product=0.560, direct_exhortation=0.132, hfss_food_marketing=0.444, inadequate_disclosure=0.236, insufficient_context=0.375, misleading_claim=0.765, no_flag=0.575, undisclosed_advertising=0.567
2026-08-12 19:10:16,712 | INFO | MainThread | epoch 80 dev st3_family per-label F1: content=0.756, disclosure=0.572, housekeeping=0.571, product=0.529
2026-08-12 19:11:52,680 | INFO | MainThread | epoch 81: mean train loss = 0.0235
2026-08-12 19:12:01,555 | INFO | MainThread | epoch 81 dev metrics (tuned thresholds): st1_macro_f1=0.603, st2_macro_f1=0.645, st3_macro_f1=0.465, st3_family_macro_f1=0.606, mean_macro_f1=0.571
2026-08-12 19:12:01,555 | INFO | MainThread | epoch 81 dev st1 per-label F1: digital_content_or_services=0.863, none=0.000, physical_goods=0.857, physical_services=0.694
2026-08-12 19:12:01,555 | INFO | MainThread | epoch 81 dev st2 per-label F1: apps=0.758, creator_community=0.545, education=0.615, fashion=0.550, financial=0.769, food=0.857, gambling=0.727, gambling_adjacent=0.444, hardware_electronics=0.806, health=0.838, other=0.466, toys=0.364
2026-08-12 19:12:01,555 | INFO | MainThread | epoch 81 dev st3 per-label F1: age_restricted_or_prohibited_product=0.522, direct_exhortation=0.203, hfss_food_marketing=0.500, inadequate_disclosure=0.236, insufficient_context=0.300, misleading_claim=0.766, no_flag=0.569, undisclosed_advertising=0.627
2026-08-12 19:12:01,555 | INFO | MainThread | epoch 81 dev st3_family per-label F1: content=0.769, disclosure=0.568, housekeeping=0.571, product=0.516
2026-08-12 19:13:37,546 | INFO | MainThread | epoch 82: mean train loss = 0.0203
2026-08-12 19:13:46,384 | INFO | MainThread | epoch 82 dev metrics (tuned thresholds): st1_macro_f1=0.594, st2_macro_f1=0.651, st3_macro_f1=0.491, st3_family_macro_f1=0.599, mean_macro_f1=0.579
2026-08-12 19:13:46,384 | INFO | MainThread | epoch 82 dev st1 per-label F1: digital_content_or_services=0.873, none=0.000, physical_goods=0.852, physical_services=0.652
2026-08-12 19:13:46,384 | INFO | MainThread | epoch 82 dev st2 per-label F1: apps=0.781, creator_community=0.563, education=0.593, fashion=0.608, financial=0.769, food=0.822, gambling=0.727, gambling_adjacent=0.424, hardware_electronics=0.795, health=0.851, other=0.493, toys=0.381
2026-08-12 19:13:46,384 | INFO | MainThread | epoch 82 dev st3 per-label F1: age_restricted_or_prohibited_product=0.500, direct_exhortation=0.138, hfss_food_marketing=0.571, inadequate_disclosure=0.283, insufficient_context=0.588, misleading_claim=0.748, no_flag=0.560, undisclosed_advertising=0.540
2026-08-12 19:13:46,385 | INFO | MainThread | epoch 82 dev st3_family per-label F1: content=0.748, disclosure=0.556, housekeeping=0.574, product=0.516
2026-08-12 19:15:22,407 | INFO | MainThread | epoch 83: mean train loss = 0.0225
2026-08-12 19:15:31,424 | INFO | MainThread | epoch 83 dev metrics (tuned thresholds): st1_macro_f1=0.614, st2_macro_f1=0.651, st3_macro_f1=0.494, st3_family_macro_f1=0.622, mean_macro_f1=0.586
2026-08-12 19:15:31,425 | INFO | MainThread | epoch 83 dev st1 per-label F1: digital_content_or_services=0.874, none=0.000, physical_goods=0.858, physical_services=0.723
2026-08-12 19:15:31,425 | INFO | MainThread | epoch 83 dev st2 per-label F1: apps=0.766, creator_community=0.538, education=0.615, fashion=0.520, financial=0.718, food=0.842, gambling=0.727, gambling_adjacent=0.478, hardware_electronics=0.815, health=0.863, other=0.509, toys=0.421
2026-08-12 19:15:31,425 | INFO | MainThread | epoch 83 dev st3 per-label F1: age_restricted_or_prohibited_product=0.583, direct_exhortation=0.177, hfss_food_marketing=0.545, inadequate_disclosure=0.276, insufficient_context=0.526, misleading_claim=0.769, no_flag=0.530, undisclosed_advertising=0.543
2026-08-12 19:15:31,425 | INFO | MainThread | epoch 83 dev st3_family per-label F1: content=0.764, disclosure=0.591, housekeeping=0.544, product=0.588
2026-08-12 19:17:07,493 | INFO | MainThread | epoch 84: mean train loss = 0.0239
2026-08-12 19:17:16,303 | INFO | MainThread | epoch 84 dev metrics (tuned thresholds): st1_macro_f1=0.608, st2_macro_f1=0.642, st3_macro_f1=0.497, st3_family_macro_f1=0.621, mean_macro_f1=0.582
2026-08-12 19:17:16,304 | INFO | MainThread | epoch 84 dev st1 per-label F1: digital_content_or_services=0.866, none=0.000, physical_goods=0.855, physical_services=0.711
2026-08-12 19:17:16,304 | INFO | MainThread | epoch 84 dev st2 per-label F1: apps=0.746, creator_community=0.532, education=0.615, fashion=0.539, financial=0.714, food=0.804, gambling=0.727, gambling_adjacent=0.522, hardware_electronics=0.798, health=0.835, other=0.495, toys=0.381
2026-08-12 19:17:16,304 | INFO | MainThread | epoch 84 dev st3 per-label F1: age_restricted_or_prohibited_product=0.560, direct_exhortation=0.177, hfss_food_marketing=0.545, inadequate_disclosure=0.193, insufficient_context=0.556, misleading_claim=0.771, no_flag=0.557, undisclosed_advertising=0.612
2026-08-12 19:17:16,304 | INFO | MainThread | epoch 84 dev st3_family per-label F1: content=0.767, disclosure=0.576, housekeeping=0.570, product=0.571
2026-08-12 19:18:52,332 | INFO | MainThread | epoch 85: mean train loss = 0.0269
2026-08-12 19:19:01,361 | INFO | MainThread | epoch 85 dev metrics (tuned thresholds): st1_macro_f1=0.606, st2_macro_f1=0.643, st3_macro_f1=0.491, st3_family_macro_f1=0.607, mean_macro_f1=0.580
2026-08-12 19:19:01,361 | INFO | MainThread | epoch 85 dev st1 per-label F1: digital_content_or_services=0.874, none=0.000, physical_goods=0.859, physical_services=0.692
2026-08-12 19:19:01,362 | INFO | MainThread | epoch 85 dev st2 per-label F1: apps=0.762, creator_community=0.543, education=0.615, fashion=0.545, financial=0.718, food=0.821, gambling=0.727, gambling_adjacent=0.444, hardware_electronics=0.811, health=0.819, other=0.503, toys=0.400
2026-08-12 19:19:01,362 | INFO | MainThread | epoch 85 dev st3 per-label F1: age_restricted_or_prohibited_product=0.538, direct_exhortation=0.219, hfss_food_marketing=0.500, inadequate_disclosure=0.223, insufficient_context=0.556, misleading_claim=0.764, no_flag=0.564, undisclosed_advertising=0.561
2026-08-12 19:19:01,362 | INFO | MainThread | epoch 85 dev st3_family per-label F1: content=0.767, disclosure=0.560, housekeeping=0.576, product=0.526
2026-08-12 19:20:37,316 | INFO | MainThread | epoch 86: mean train loss = 0.0210
2026-08-12 19:20:46,056 | INFO | MainThread | epoch 86 dev metrics (tuned thresholds): st1_macro_f1=0.614, st2_macro_f1=0.648, st3_macro_f1=0.503, st3_family_macro_f1=0.623, mean_macro_f1=0.588
2026-08-12 19:20:46,056 | INFO | MainThread | epoch 86 dev st1 per-label F1: digital_content_or_services=0.871, none=0.000, physical_goods=0.862, physical_services=0.723
2026-08-12 19:20:46,056 | INFO | MainThread | epoch 86 dev st2 per-label F1: apps=0.755, creator_community=0.524, education=0.615, fashion=0.569, financial=0.750, food=0.851, gambling=0.727, gambling_adjacent=0.488, hardware_electronics=0.813, health=0.832, other=0.495, toys=0.353
2026-08-12 19:20:46,056 | INFO | MainThread | epoch 86 dev st3 per-label F1: age_restricted_or_prohibited_product=0.538, direct_exhortation=0.207, hfss_food_marketing=0.500, inadequate_disclosure=0.278, insufficient_context=0.533, misleading_claim=0.781, no_flag=0.586, undisclosed_advertising=0.603
2026-08-12 19:20:46,056 | INFO | MainThread | epoch 86 dev st3_family per-label F1: content=0.784, disclosure=0.591, housekeeping=0.590, product=0.529
2026-08-12 19:22:21,923 | INFO | MainThread | epoch 87: mean train loss = 0.0197
2026-08-12 19:22:30,876 | INFO | MainThread | epoch 87 dev metrics (tuned thresholds): st1_macro_f1=0.624, st2_macro_f1=0.635, st3_macro_f1=0.486, st3_family_macro_f1=0.613, mean_macro_f1=0.582
2026-08-12 19:22:30,876 | INFO | MainThread | epoch 87 dev st1 per-label F1: digital_content_or_services=0.871, none=0.000, physical_goods=0.863, physical_services=0.760
2026-08-12 19:22:30,876 | INFO | MainThread | epoch 87 dev st2 per-label F1: apps=0.751, creator_community=0.509, education=0.593, fashion=0.533, financial=0.700, food=0.835, gambling=0.727, gambling_adjacent=0.457, hardware_electronics=0.803, health=0.851, other=0.477, toys=0.385
2026-08-12 19:22:30,876 | INFO | MainThread | epoch 87 dev st3 per-label F1: age_restricted_or_prohibited_product=0.538, direct_exhortation=0.175, hfss_food_marketing=0.462, inadequate_disclosure=0.311, insufficient_context=0.533, misleading_claim=0.751, no_flag=0.554, undisclosed_advertising=0.567
2026-08-12 19:22:30,876 | INFO | MainThread | epoch 87 dev st3_family per-label F1: content=0.758, disclosure=0.603, housekeeping=0.566, product=0.526
2026-08-12 19:24:06,872 | INFO | MainThread | epoch 88: mean train loss = 0.0185
2026-08-12 19:24:15,662 | INFO | MainThread | epoch 88 dev metrics (tuned thresholds): st1_macro_f1=0.606, st2_macro_f1=0.640, st3_macro_f1=0.496, st3_family_macro_f1=0.600, mean_macro_f1=0.581
2026-08-12 19:24:15,662 | INFO | MainThread | epoch 88 dev st1 per-label F1: digital_content_or_services=0.865, none=0.000, physical_goods=0.855, physical_services=0.706
2026-08-12 19:24:15,662 | INFO | MainThread | epoch 88 dev st2 per-label F1: apps=0.743, creator_community=0.538, education=0.615, fashion=0.598, financial=0.682, food=0.822, gambling=0.727, gambling_adjacent=0.421, hardware_electronics=0.803, health=0.827, other=0.484, toys=0.417
2026-08-12 19:24:15,662 | INFO | MainThread | epoch 88 dev st3 per-label F1: age_restricted_or_prohibited_product=0.538, direct_exhortation=0.221, hfss_food_marketing=0.400, inadequate_disclosure=0.249, insufficient_context=0.714, misleading_claim=0.740, no_flag=0.560, undisclosed_advertising=0.547
2026-08-12 19:24:15,662 | INFO | MainThread | epoch 88 dev st3_family per-label F1: content=0.743, disclosure=0.586, housekeeping=0.572, product=0.500
2026-08-12 19:25:51,617 | INFO | MainThread | epoch 89: mean train loss = 0.0322
2026-08-12 19:26:00,526 | INFO | MainThread | epoch 89 dev metrics (tuned thresholds): st1_macro_f1=0.581, st2_macro_f1=0.634, st3_macro_f1=0.477, st3_family_macro_f1=0.604, mean_macro_f1=0.564
2026-08-12 19:26:00,526 | INFO | MainThread | epoch 89 dev st1 per-label F1: digital_content_or_services=0.865, none=0.000, physical_goods=0.846, physical_services=0.612
2026-08-12 19:26:00,528 | INFO | MainThread | epoch 89 dev st2 per-label F1: apps=0.753, creator_community=0.547, education=0.615, fashion=0.542, financial=0.727, food=0.851, gambling=0.727, gambling_adjacent=0.343, hardware_electronics=0.790, health=0.796, other=0.517, toys=0.400
2026-08-12 19:26:00,528 | INFO | MainThread | epoch 89 dev st3 per-label F1: age_restricted_or_prohibited_product=0.522, direct_exhortation=0.250, hfss_food_marketing=0.429, inadequate_disclosure=0.263, insufficient_context=0.526, misleading_claim=0.767, no_flag=0.566, undisclosed_advertising=0.493
2026-08-12 19:26:00,529 | INFO | MainThread | epoch 89 dev st3_family per-label F1: content=0.755, disclosure=0.578, housekeeping=0.582, product=0.500
2026-08-12 19:27:36,540 | INFO | MainThread | epoch 90: mean train loss = 0.0175
2026-08-12 19:27:45,299 | INFO | MainThread | epoch 90 dev metrics (tuned thresholds): st1_macro_f1=0.619, st2_macro_f1=0.647, st3_macro_f1=0.484, st3_family_macro_f1=0.603, mean_macro_f1=0.584
2026-08-12 19:27:45,299 | INFO | MainThread | epoch 90 dev st1 per-label F1: digital_content_or_services=0.869, none=0.000, physical_goods=0.857, physical_services=0.750
2026-08-12 19:27:45,299 | INFO | MainThread | epoch 90 dev st2 per-label F1: apps=0.761, creator_community=0.558, education=0.615, fashion=0.574, financial=0.744, food=0.851, gambling=0.667, gambling_adjacent=0.462, hardware_electronics=0.805, health=0.833, other=0.500, toys=0.400
2026-08-12 19:27:45,299 | INFO | MainThread | epoch 90 dev st3 per-label F1: age_restricted_or_prohibited_product=0.538, direct_exhortation=0.260, hfss_food_marketing=0.400, inadequate_disclosure=0.226, insufficient_context=0.526, misleading_claim=0.768, no_flag=0.545, undisclosed_advertising=0.611
2026-08-12 19:27:45,300 | INFO | MainThread | epoch 90 dev st3_family per-label F1: content=0.758, disclosure=0.572, housekeeping=0.570, product=0.513
2026-08-12 19:29:21,236 | INFO | MainThread | epoch 91: mean train loss = 0.0144
2026-08-12 19:29:30,214 | INFO | MainThread | epoch 91 dev metrics (tuned thresholds): st1_macro_f1=0.612, st2_macro_f1=0.644, st3_macro_f1=0.469, st3_family_macro_f1=0.617, mean_macro_f1=0.575
2026-08-12 19:29:30,214 | INFO | MainThread | epoch 91 dev st1 per-label F1: digital_content_or_services=0.864, none=0.000, physical_goods=0.850, physical_services=0.735
2026-08-12 19:29:30,214 | INFO | MainThread | epoch 91 dev st2 per-label F1: apps=0.748, creator_community=0.554, education=0.615, fashion=0.536, financial=0.714, food=0.844, gambling=0.727, gambling_adjacent=0.440, hardware_electronics=0.797, health=0.851, other=0.505, toys=0.400
2026-08-12 19:29:30,214 | INFO | MainThread | epoch 91 dev st3 per-label F1: age_restricted_or_prohibited_product=0.583, direct_exhortation=0.206, hfss_food_marketing=0.444, inadequate_disclosure=0.271, insufficient_context=0.333, misleading_claim=0.774, no_flag=0.552, undisclosed_advertising=0.590
2026-08-12 19:29:30,214 | INFO | MainThread | epoch 91 dev st3_family per-label F1: content=0.755, disclosure=0.621, housekeeping=0.545, product=0.545
2026-08-12 19:31:06,202 | INFO | MainThread | epoch 92: mean train loss = 0.0164
2026-08-12 19:31:14,952 | INFO | MainThread | epoch 92 dev metrics (tuned thresholds): st1_macro_f1=0.620, st2_macro_f1=0.648, st3_macro_f1=0.472, st3_family_macro_f1=0.590, mean_macro_f1=0.580
2026-08-12 19:31:14,952 | INFO | MainThread | epoch 92 dev st1 per-label F1: digital_content_or_services=0.871, none=0.000, physical_goods=0.860, physical_services=0.750
2026-08-12 19:31:14,952 | INFO | MainThread | epoch 92 dev st2 per-label F1: apps=0.759, creator_community=0.585, education=0.615, fashion=0.561, financial=0.762, food=0.816, gambling=0.727, gambling_adjacent=0.450, hardware_electronics=0.811, health=0.826, other=0.460, toys=0.400
2026-08-12 19:31:14,952 | INFO | MainThread | epoch 92 dev st3 per-label F1: age_restricted_or_prohibited_product=0.455, direct_exhortation=0.169, hfss_food_marketing=0.444, inadequate_disclosure=0.232, insufficient_context=0.600, misleading_claim=0.750, no_flag=0.573, undisclosed_advertising=0.556
2026-08-12 19:31:14,953 | INFO | MainThread | epoch 92 dev st3_family per-label F1: content=0.745, disclosure=0.575, housekeeping=0.586, product=0.452
2026-08-12 19:32:50,870 | INFO | MainThread | epoch 93: mean train loss = 0.0168
2026-08-12 19:33:00,047 | INFO | MainThread | epoch 93 dev metrics (tuned thresholds): st1_macro_f1=0.609, st2_macro_f1=0.652, st3_macro_f1=0.485, st3_family_macro_f1=0.618, mean_macro_f1=0.582
2026-08-12 19:33:00,047 | INFO | MainThread | epoch 93 dev st1 per-label F1: digital_content_or_services=0.866, none=0.000, physical_goods=0.845, physical_services=0.723
2026-08-12 19:33:00,047 | INFO | MainThread | epoch 93 dev st2 per-label F1: apps=0.750, creator_community=0.538, education=0.615, fashion=0.588, financial=0.800, food=0.813, gambling=0.727, gambling_adjacent=0.465, hardware_electronics=0.823, health=0.826, other=0.475, toys=0.400
2026-08-12 19:33:00,048 | INFO | MainThread | epoch 93 dev st3 per-label F1: age_restricted_or_prohibited_product=0.538, direct_exhortation=0.143, hfss_food_marketing=0.500, inadequate_disclosure=0.258, insufficient_context=0.556, misleading_claim=0.753, no_flag=0.570, undisclosed_advertising=0.564
2026-08-12 19:33:00,048 | INFO | MainThread | epoch 93 dev st3_family per-label F1: content=0.750, disclosure=0.617, housekeeping=0.576, product=0.529
2026-08-12 19:34:36,269 | INFO | MainThread | epoch 94: mean train loss = 0.0106
2026-08-12 19:34:45,071 | INFO | MainThread | epoch 94 dev metrics (tuned thresholds): st1_macro_f1=0.600, st2_macro_f1=0.661, st3_macro_f1=0.493, st3_family_macro_f1=0.622, mean_macro_f1=0.585
2026-08-12 19:34:45,072 | INFO | MainThread | epoch 94 dev st1 per-label F1: digital_content_or_services=0.868, none=0.000, physical_goods=0.850, physical_services=0.682
2026-08-12 19:34:45,072 | INFO | MainThread | epoch 94 dev st2 per-label F1: apps=0.766, creator_community=0.571, education=0.615, fashion=0.577, financial=0.769, food=0.857, gambling=0.800, gambling_adjacent=0.421, hardware_electronics=0.808, health=0.818, other=0.486, toys=0.444
2026-08-12 19:34:45,072 | INFO | MainThread | epoch 94 dev st3 per-label F1: age_restricted_or_prohibited_product=0.583, direct_exhortation=0.213, hfss_food_marketing=0.400, inadequate_disclosure=0.289, insufficient_context=0.588, misleading_claim=0.760, no_flag=0.550, undisclosed_advertising=0.556
2026-08-12 19:34:45,072 | INFO | MainThread | epoch 94 dev st3_family per-label F1: content=0.769, disclosure=0.620, housekeeping=0.573, product=0.526
2026-08-12 19:36:21,000 | INFO | MainThread | epoch 95: mean train loss = 0.0141
2026-08-12 19:36:29,875 | INFO | MainThread | epoch 95 dev metrics (tuned thresholds): st1_macro_f1=0.617, st2_macro_f1=0.646, st3_macro_f1=0.478, st3_family_macro_f1=0.604, mean_macro_f1=0.580
2026-08-12 19:36:29,876 | INFO | MainThread | epoch 95 dev st1 per-label F1: digital_content_or_services=0.856, none=0.000, physical_goods=0.847, physical_services=0.766
2026-08-12 19:36:29,876 | INFO | MainThread | epoch 95 dev st2 per-label F1: apps=0.747, creator_community=0.536, education=0.615, fashion=0.550, financial=0.769, food=0.817, gambling=0.727, gambling_adjacent=0.488, hardware_electronics=0.794, health=0.835, other=0.494, toys=0.381
2026-08-12 19:36:29,876 | INFO | MainThread | epoch 95 dev st3 per-label F1: age_restricted_or_prohibited_product=0.560, direct_exhortation=0.203, hfss_food_marketing=0.400, inadequate_disclosure=0.270, insufficient_context=0.526, misleading_claim=0.761, no_flag=0.537, undisclosed_advertising=0.563
2026-08-12 19:36:29,876 | INFO | MainThread | epoch 95 dev st3_family per-label F1: content=0.761, disclosure=0.599, housekeeping=0.543, product=0.514
2026-08-12 19:38:05,938 | INFO | MainThread | epoch 96: mean train loss = 0.0078
2026-08-12 19:38:14,718 | INFO | MainThread | epoch 96 dev metrics (tuned thresholds): st1_macro_f1=0.693, st2_macro_f1=0.655, st3_macro_f1=0.490, st3_family_macro_f1=0.619, mean_macro_f1=0.613
2026-08-12 19:38:14,718 | INFO | MainThread | epoch 96 dev st1 per-label F1: digital_content_or_services=0.873, none=0.333, physical_goods=0.853, physical_services=0.711
2026-08-12 19:38:14,718 | INFO | MainThread | epoch 96 dev st2 per-label F1: apps=0.753, creator_community=0.545, education=0.615, fashion=0.552, financial=0.750, food=0.825, gambling=0.727, gambling_adjacent=0.500, hardware_electronics=0.803, health=0.863, other=0.459, toys=0.471
2026-08-12 19:38:14,718 | INFO | MainThread | epoch 96 dev st3 per-label F1: age_restricted_or_prohibited_product=0.583, direct_exhortation=0.222, hfss_food_marketing=0.400, inadequate_disclosure=0.273, insufficient_context=0.556, misleading_claim=0.758, no_flag=0.567, undisclosed_advertising=0.563
2026-08-12 19:38:14,718 | INFO | MainThread | epoch 96 dev st3_family per-label F1: content=0.766, disclosure=0.591, housekeeping=0.579, product=0.541
2026-08-12 19:39:50,822 | INFO | MainThread | epoch 97: mean train loss = 0.0142
2026-08-12 19:39:59,690 | INFO | MainThread | epoch 97 dev metrics (tuned thresholds): st1_macro_f1=0.654, st2_macro_f1=0.648, st3_macro_f1=0.479, st3_family_macro_f1=0.615, mean_macro_f1=0.594
2026-08-12 19:39:59,690 | INFO | MainThread | epoch 97 dev st1 per-label F1: digital_content_or_services=0.862, none=0.235, physical_goods=0.839, physical_services=0.682
2026-08-12 19:39:59,690 | INFO | MainThread | epoch 97 dev st2 per-label F1: apps=0.753, creator_community=0.580, education=0.615, fashion=0.580, financial=0.773, food=0.842, gambling=0.727, gambling_adjacent=0.410, hardware_electronics=0.805, health=0.880, other=0.473, toys=0.333
2026-08-12 19:39:59,690 | INFO | MainThread | epoch 97 dev st3 per-label F1: age_restricted_or_prohibited_product=0.583, direct_exhortation=0.204, hfss_food_marketing=0.364, inadequate_disclosure=0.303, insufficient_context=0.500, misleading_claim=0.773, no_flag=0.579, undisclosed_advertising=0.527
2026-08-12 19:39:59,691 | INFO | MainThread | epoch 97 dev st3_family per-label F1: content=0.764, disclosure=0.600, housekeeping=0.582, product=0.514
2026-08-12 19:41:35,795 | INFO | MainThread | epoch 98: mean train loss = 0.0117
2026-08-12 19:41:44,610 | INFO | MainThread | epoch 98 dev metrics (tuned thresholds): st1_macro_f1=0.607, st2_macro_f1=0.653, st3_macro_f1=0.467, st3_family_macro_f1=0.597, mean_macro_f1=0.576
2026-08-12 19:41:44,611 | INFO | MainThread | epoch 98 dev st1 per-label F1: digital_content_or_services=0.869, none=0.000, physical_goods=0.862, physical_services=0.696
2026-08-12 19:41:44,611 | INFO | MainThread | epoch 98 dev st2 per-label F1: apps=0.748, creator_community=0.523, education=0.571, fashion=0.557, financial=0.829, food=0.839, gambling=0.800, gambling_adjacent=0.455, hardware_electronics=0.805, health=0.860, other=0.453, toys=0.400
2026-08-12 19:41:44,611 | INFO | MainThread | epoch 98 dev st3 per-label F1: age_restricted_or_prohibited_product=0.560, direct_exhortation=0.210, hfss_food_marketing=0.364, inadequate_disclosure=0.278, insufficient_context=0.533, misleading_claim=0.763, no_flag=0.563, undisclosed_advertising=0.468
2026-08-12 19:41:44,611 | INFO | MainThread | epoch 98 dev st3_family per-label F1: content=0.751, disclosure=0.571, housekeeping=0.568, product=0.500
2026-08-12 19:43:20,639 | INFO | MainThread | epoch 99: mean train loss = 0.0113
2026-08-12 19:43:29,504 | INFO | MainThread | epoch 99 dev metrics (tuned thresholds): st1_macro_f1=0.618, st2_macro_f1=0.641, st3_macro_f1=0.444, st3_family_macro_f1=0.594, mean_macro_f1=0.568
2026-08-12 19:43:29,505 | INFO | MainThread | epoch 99 dev st1 per-label F1: digital_content_or_services=0.866, none=0.000, physical_goods=0.859, physical_services=0.745
2026-08-12 19:43:29,505 | INFO | MainThread | epoch 99 dev st2 per-label F1: apps=0.736, creator_community=0.500, education=0.615, fashion=0.566, financial=0.732, food=0.835, gambling=0.727, gambling_adjacent=0.500, hardware_electronics=0.828, health=0.811, other=0.483, toys=0.364
2026-08-12 19:43:29,505 | INFO | MainThread | epoch 99 dev st3 per-label F1: age_restricted_or_prohibited_product=0.560, direct_exhortation=0.165, hfss_food_marketing=0.364, inadequate_disclosure=0.229, insufficient_context=0.400, misleading_claim=0.760, no_flag=0.558, undisclosed_advertising=0.518
2026-08-12 19:43:29,505 | INFO | MainThread | epoch 99 dev st3_family per-label F1: content=0.741, disclosure=0.586, housekeeping=0.548, product=0.500
2026-08-12 19:45:05,557 | INFO | MainThread | epoch 100: mean train loss = 0.0097
2026-08-12 19:45:14,417 | INFO | MainThread | epoch 100 dev metrics (tuned thresholds): st1_macro_f1=0.634, st2_macro_f1=0.643, st3_macro_f1=0.464, st3_family_macro_f1=0.605, mean_macro_f1=0.580
2026-08-12 19:45:14,418 | INFO | MainThread | epoch 100 dev st1 per-label F1: digital_content_or_services=0.870, none=0.118, physical_goods=0.853, physical_services=0.694
2026-08-12 19:45:14,418 | INFO | MainThread | epoch 100 dev st2 per-label F1: apps=0.744, creator_community=0.550, education=0.615, fashion=0.535, financial=0.684, food=0.828, gambling=0.800, gambling_adjacent=0.419, hardware_electronics=0.813, health=0.860, other=0.488, toys=0.385
2026-08-12 19:45:14,418 | INFO | MainThread | epoch 100 dev st3 per-label F1: age_restricted_or_prohibited_product=0.560, direct_exhortation=0.201, hfss_food_marketing=0.429, inadequate_disclosure=0.249, insufficient_context=0.381, misleading_claim=0.774, no_flag=0.545, undisclosed_advertising=0.569
2026-08-12 19:45:14,418 | INFO | MainThread | epoch 100 dev st3_family per-label F1: content=0.766, disclosure=0.593, housekeeping=0.534, product=0.526
2026-08-12 19:46:50,252 | INFO | MainThread | epoch 101: mean train loss = 0.0143
2026-08-12 19:46:59,089 | INFO | MainThread | epoch 101 dev metrics (tuned thresholds): st1_macro_f1=0.641, st2_macro_f1=0.654, st3_macro_f1=0.492, st3_family_macro_f1=0.611, mean_macro_f1=0.596
2026-08-12 19:46:59,090 | INFO | MainThread | epoch 101 dev st1 per-label F1: digital_content_or_services=0.876, none=0.125, physical_goods=0.856, physical_services=0.706
2026-08-12 19:46:59,090 | INFO | MainThread | epoch 101 dev st2 per-label F1: apps=0.749, creator_community=0.508, education=0.615, fashion=0.579, financial=0.718, food=0.839, gambling=0.800, gambling_adjacent=0.432, hardware_electronics=0.810, health=0.835, other=0.491, toys=0.476
2026-08-12 19:46:59,090 | INFO | MainThread | epoch 101 dev st3 per-label F1: age_restricted_or_prohibited_product=0.560, direct_exhortation=0.209, hfss_food_marketing=0.429, inadequate_disclosure=0.271, insufficient_context=0.615, misleading_claim=0.763, no_flag=0.562, undisclosed_advertising=0.529
2026-08-12 19:46:59,090 | INFO | MainThread | epoch 101 dev st3_family per-label F1: content=0.755, disclosure=0.591, housekeeping=0.571, product=0.526
2026-08-12 19:48:35,179 | INFO | MainThread | epoch 102: mean train loss = 0.0075
2026-08-12 19:48:43,989 | INFO | MainThread | epoch 102 dev metrics (tuned thresholds): st1_macro_f1=0.598, st2_macro_f1=0.636, st3_macro_f1=0.465, st3_family_macro_f1=0.614, mean_macro_f1=0.567
2026-08-12 19:48:43,989 | INFO | MainThread | epoch 102 dev st1 per-label F1: digital_content_or_services=0.865, none=0.000, physical_goods=0.846, physical_services=0.681
2026-08-12 19:48:43,989 | INFO | MainThread | epoch 102 dev st2 per-label F1: apps=0.743, creator_community=0.489, education=0.615, fashion=0.542, financial=0.718, food=0.826, gambling=0.800, gambling_adjacent=0.415, hardware_electronics=0.816, health=0.827, other=0.508, toys=0.333
2026-08-12 19:48:43,990 | INFO | MainThread | epoch 102 dev st3 per-label F1: age_restricted_or_prohibited_product=0.583, direct_exhortation=0.219, hfss_food_marketing=0.429, inadequate_disclosure=0.260, insufficient_context=0.364, misleading_claim=0.779, no_flag=0.567, undisclosed_advertising=0.522
2026-08-12 19:48:43,990 | INFO | MainThread | epoch 102 dev st3_family per-label F1: content=0.767, disclosure=0.588, housekeeping=0.559, product=0.541
2026-08-12 19:50:19,979 | INFO | MainThread | epoch 103: mean train loss = 0.0077
2026-08-12 19:50:28,693 | INFO | MainThread | epoch 103 dev metrics (tuned thresholds): st1_macro_f1=0.686, st2_macro_f1=0.650, st3_macro_f1=0.473, st3_family_macro_f1=0.590, mean_macro_f1=0.603
2026-08-12 19:50:28,693 | INFO | MainThread | epoch 103 dev st1 per-label F1: digital_content_or_services=0.874, none=0.316, physical_goods=0.862, physical_services=0.694
2026-08-12 19:50:28,694 | INFO | MainThread | epoch 103 dev st2 per-label F1: apps=0.763, creator_community=0.519, education=0.593, fashion=0.574, financial=0.714, food=0.825, gambling=0.800, gambling_adjacent=0.458, hardware_electronics=0.800, health=0.857, other=0.481, toys=0.421
2026-08-12 19:50:28,694 | INFO | MainThread | epoch 103 dev st3 per-label F1: age_restricted_or_prohibited_product=0.500, direct_exhortation=0.268, hfss_food_marketing=0.429, inadequate_disclosure=0.239, insufficient_context=0.545, misleading_claim=0.753, no_flag=0.536, undisclosed_advertising=0.511
2026-08-12 19:50:28,694 | INFO | MainThread | epoch 103 dev st3_family per-label F1: content=0.753, disclosure=0.572, housekeeping=0.550, product=0.486
2026-08-12 19:52:04,836 | INFO | MainThread | epoch 104: mean train loss = 0.0093
2026-08-12 19:52:13,630 | INFO | MainThread | epoch 104 dev metrics (tuned thresholds): st1_macro_f1=0.696, st2_macro_f1=0.643, st3_macro_f1=0.477, st3_family_macro_f1=0.615, mean_macro_f1=0.605
2026-08-12 19:52:13,630 | INFO | MainThread | epoch 104 dev st1 per-label F1: digital_content_or_services=0.873, none=0.333, physical_goods=0.858, physical_services=0.720
2026-08-12 19:52:13,631 | INFO | MainThread | epoch 104 dev st2 per-label F1: apps=0.758, creator_community=0.553, education=0.593, fashion=0.558, financial=0.737, food=0.828, gambling=0.727, gambling_adjacent=0.444, hardware_electronics=0.819, health=0.863, other=0.484, toys=0.353
2026-08-12 19:52:13,631 | INFO | MainThread | epoch 104 dev st3 per-label F1: age_restricted_or_prohibited_product=0.583, direct_exhortation=0.198, hfss_food_marketing=0.429, inadequate_disclosure=0.256, insufficient_context=0.500, misleading_claim=0.768, no_flag=0.557, undisclosed_advertising=0.526
2026-08-12 19:52:13,631 | INFO | MainThread | epoch 104 dev st3_family per-label F1: content=0.755, disclosure=0.592, housekeeping=0.572, product=0.541
2026-08-12 19:53:49,471 | INFO | MainThread | epoch 105: mean train loss = 0.0087
2026-08-12 19:53:58,181 | INFO | MainThread | epoch 105 dev metrics (tuned thresholds): st1_macro_f1=0.612, st2_macro_f1=0.642, st3_macro_f1=0.476, st3_family_macro_f1=0.619, mean_macro_f1=0.577
2026-08-12 19:53:58,182 | INFO | MainThread | epoch 105 dev st1 per-label F1: digital_content_or_services=0.870, none=0.000, physical_goods=0.860, physical_services=0.720
2026-08-12 19:53:58,182 | INFO | MainThread | epoch 105 dev st2 per-label F1: apps=0.775, creator_community=0.566, education=0.615, fashion=0.569, financial=0.750, food=0.832, gambling=0.727, gambling_adjacent=0.412, hardware_electronics=0.816, health=0.854, other=0.430, toys=0.353
2026-08-12 19:53:58,182 | INFO | MainThread | epoch 105 dev st3 per-label F1: age_restricted_or_prohibited_product=0.615, direct_exhortation=0.212, hfss_food_marketing=0.375, inadequate_disclosure=0.221, insufficient_context=0.435, misleading_claim=0.792, no_flag=0.548, undisclosed_advertising=0.612
2026-08-12 19:53:58,182 | INFO | MainThread | epoch 105 dev st3_family per-label F1: content=0.774, disclosure=0.586, housekeeping=0.566, product=0.550
2026-08-12 19:55:34,291 | INFO | MainThread | epoch 106: mean train loss = 0.0089
2026-08-12 19:55:43,107 | INFO | MainThread | epoch 106 dev metrics (tuned thresholds): st1_macro_f1=0.651, st2_macro_f1=0.626, st3_macro_f1=0.461, st3_family_macro_f1=0.609, mean_macro_f1=0.580
2026-08-12 19:55:43,108 | INFO | MainThread | epoch 106 dev st1 per-label F1: digital_content_or_services=0.865, none=0.222, physical_goods=0.851, physical_services=0.667
2026-08-12 19:55:43,108 | INFO | MainThread | epoch 106 dev st2 per-label F1: apps=0.743, creator_community=0.491, education=0.615, fashion=0.569, financial=0.750, food=0.826, gambling=0.667, gambling_adjacent=0.424, hardware_electronics=0.805, health=0.815, other=0.447, toys=0.364
2026-08-12 19:55:43,108 | INFO | MainThread | epoch 106 dev st3 per-label F1: age_restricted_or_prohibited_product=0.560, direct_exhortation=0.182, hfss_food_marketing=0.400, inadequate_disclosure=0.229, insufficient_context=0.471, misleading_claim=0.778, no_flag=0.562, undisclosed_advertising=0.508
2026-08-12 19:55:43,108 | INFO | MainThread | epoch 106 dev st3_family per-label F1: content=0.771, disclosure=0.575, housekeeping=0.576, product=0.514
2026-08-12 19:57:19,143 | INFO | MainThread | epoch 107: mean train loss = 0.0076
2026-08-12 19:57:27,969 | INFO | MainThread | epoch 107 dev metrics (tuned thresholds): st1_macro_f1=0.637, st2_macro_f1=0.649, st3_macro_f1=0.470, st3_family_macro_f1=0.615, mean_macro_f1=0.585
2026-08-12 19:57:27,969 | INFO | MainThread | epoch 107 dev st1 per-label F1: digital_content_or_services=0.866, none=0.125, physical_goods=0.850, physical_services=0.706
2026-08-12 19:57:27,970 | INFO | MainThread | epoch 107 dev st2 per-label F1: apps=0.752, creator_community=0.481, education=0.615, fashion=0.619, financial=0.769, food=0.835, gambling=0.800, gambling_adjacent=0.439, hardware_electronics=0.817, health=0.846, other=0.497, toys=0.320
2026-08-12 19:57:27,970 | INFO | MainThread | epoch 107 dev st3 per-label F1: age_restricted_or_prohibited_product=0.538, direct_exhortation=0.160, hfss_food_marketing=0.500, inadequate_disclosure=0.300, insufficient_context=0.387, misleading_claim=0.772, no_flag=0.567, undisclosed_advertising=0.533
2026-08-12 19:57:27,970 | INFO | MainThread | epoch 107 dev st3_family per-label F1: content=0.759, disclosure=0.597, housekeeping=0.575, product=0.529
2026-08-12 19:59:03,914 | INFO | MainThread | epoch 108: mean train loss = 0.0111
2026-08-12 19:59:12,820 | INFO | MainThread | epoch 108 dev metrics (tuned thresholds): st1_macro_f1=0.593, st2_macro_f1=0.644, st3_macro_f1=0.453, st3_family_macro_f1=0.604, mean_macro_f1=0.563
2026-08-12 19:59:12,820 | INFO | MainThread | epoch 108 dev st1 per-label F1: digital_content_or_services=0.867, none=0.000, physical_goods=0.853, physical_services=0.653
2026-08-12 19:59:12,820 | INFO | MainThread | epoch 108 dev st2 per-label F1: apps=0.737, creator_community=0.478, education=0.615, fashion=0.606, financial=0.750, food=0.809, gambling=0.800, gambling_adjacent=0.450, hardware_electronics=0.820, health=0.857, other=0.446, toys=0.357
2026-08-12 19:59:12,821 | INFO | MainThread | epoch 108 dev st3 per-label F1: age_restricted_or_prohibited_product=0.500, direct_exhortation=0.167, hfss_food_marketing=0.429, inadequate_disclosure=0.306, insufficient_context=0.333, misleading_claim=0.759, no_flag=0.560, undisclosed_advertising=0.568
2026-08-12 19:59:12,821 | INFO | MainThread | epoch 108 dev st3_family per-label F1: content=0.751, disclosure=0.616, housekeeping=0.564, product=0.486
2026-08-12 20:00:48,812 | INFO | MainThread | epoch 109: mean train loss = 0.0163
2026-08-12 20:00:57,637 | INFO | MainThread | epoch 109 dev metrics (tuned thresholds): st1_macro_f1=0.653, st2_macro_f1=0.626, st3_macro_f1=0.436, st3_family_macro_f1=0.602, mean_macro_f1=0.572
2026-08-12 20:00:57,638 | INFO | MainThread | epoch 109 dev st1 per-label F1: digital_content_or_services=0.871, none=0.235, physical_goods=0.855, physical_services=0.652
2026-08-12 20:00:57,638 | INFO | MainThread | epoch 109 dev st2 per-label F1: apps=0.728, creator_community=0.534, education=0.615, fashion=0.549, financial=0.750, food=0.825, gambling=0.667, gambling_adjacent=0.429, hardware_electronics=0.797, health=0.840, other=0.429, toys=0.348
2026-08-12 20:00:57,638 | INFO | MainThread | epoch 109 dev st3 per-label F1: age_restricted_or_prohibited_product=0.519, direct_exhortation=0.145, hfss_food_marketing=0.429, inadequate_disclosure=0.268, insufficient_context=0.300, misleading_claim=0.760, no_flag=0.564, undisclosed_advertising=0.507
2026-08-12 20:00:57,638 | INFO | MainThread | epoch 109 dev st3_family per-label F1: content=0.750, disclosure=0.597, housekeeping=0.560, product=0.500
2026-08-12 20:02:33,705 | INFO | MainThread | epoch 110: mean train loss = 0.0067
2026-08-12 20:02:42,514 | INFO | MainThread | epoch 110 dev metrics (tuned thresholds): st1_macro_f1=0.707, st2_macro_f1=0.652, st3_macro_f1=0.480, st3_family_macro_f1=0.607, mean_macro_f1=0.613
2026-08-12 20:02:42,514 | INFO | MainThread | epoch 110 dev st1 per-label F1: digital_content_or_services=0.872, none=0.316, physical_goods=0.858, physical_services=0.783
2026-08-12 20:02:42,514 | INFO | MainThread | epoch 110 dev st2 per-label F1: apps=0.758, creator_community=0.535, education=0.593, fashion=0.582, financial=0.750, food=0.826, gambling=0.800, gambling_adjacent=0.465, hardware_electronics=0.824, health=0.835, other=0.495, toys=0.364
2026-08-12 20:02:42,514 | INFO | MainThread | epoch 110 dev st3 per-label F1: age_restricted_or_prohibited_product=0.538, direct_exhortation=0.188, hfss_food_marketing=0.500, inadequate_disclosure=0.279, insufficient_context=0.417, misleading_claim=0.772, no_flag=0.555, undisclosed_advertising=0.589
2026-08-12 20:02:42,514 | INFO | MainThread | epoch 110 dev st3_family per-label F1: content=0.759, disclosure=0.581, housekeeping=0.557, product=0.529
2026-08-12 20:04:18,448 | INFO | MainThread | epoch 111: mean train loss = 0.0058
2026-08-12 20:04:27,291 | INFO | MainThread | epoch 111 dev metrics (tuned thresholds): st1_macro_f1=0.701, st2_macro_f1=0.646, st3_macro_f1=0.463, st3_family_macro_f1=0.604, mean_macro_f1=0.604
2026-08-12 20:04:27,291 | INFO | MainThread | epoch 111 dev st1 per-label F1: digital_content_or_services=0.886, none=0.400, physical_goods=0.866, physical_services=0.652
2026-08-12 20:04:27,291 | INFO | MainThread | epoch 111 dev st2 per-label F1: apps=0.750, creator_community=0.564, education=0.615, fashion=0.577, financial=0.718, food=0.816, gambling=0.727, gambling_adjacent=0.465, hardware_electronics=0.816, health=0.819, other=0.489, toys=0.400
2026-08-12 20:04:27,291 | INFO | MainThread | epoch 111 dev st3 per-label F1: age_restricted_or_prohibited_product=0.538, direct_exhortation=0.248, hfss_food_marketing=0.500, inadequate_disclosure=0.273, insufficient_context=0.308, misleading_claim=0.763, no_flag=0.549, undisclosed_advertising=0.526
2026-08-12 20:04:27,291 | INFO | MainThread | epoch 111 dev st3_family per-label F1: content=0.766, disclosure=0.589, housekeeping=0.534, product=0.529
2026-08-12 20:06:03,371 | INFO | MainThread | epoch 112: mean train loss = 0.0071
2026-08-12 20:06:12,238 | INFO | MainThread | epoch 112 dev metrics (tuned thresholds): st1_macro_f1=0.650, st2_macro_f1=0.650, st3_macro_f1=0.446, st3_family_macro_f1=0.601, mean_macro_f1=0.582
2026-08-12 20:06:12,238 | INFO | MainThread | epoch 112 dev st1 per-label F1: digital_content_or_services=0.877, none=0.200, physical_goods=0.854, physical_services=0.667
2026-08-12 20:06:12,238 | INFO | MainThread | epoch 112 dev st2 per-label F1: apps=0.756, creator_community=0.602, education=0.593, fashion=0.577, financial=0.769, food=0.817, gambling=0.727, gambling_adjacent=0.462, hardware_electronics=0.816, health=0.835, other=0.467, toys=0.381
2026-08-12 20:06:12,238 | INFO | MainThread | epoch 112 dev st3 per-label F1: age_restricted_or_prohibited_product=0.571, direct_exhortation=0.261, hfss_food_marketing=0.429, inadequate_disclosure=0.186, insufficient_context=0.273, misleading_claim=0.738, no_flag=0.552, undisclosed_advertising=0.562
2026-08-12 20:06:12,238 | INFO | MainThread | epoch 112 dev st3_family per-label F1: content=0.742, disclosure=0.582, housekeeping=0.558, product=0.524
2026-08-12 20:07:48,188 | INFO | MainThread | epoch 113: mean train loss = 0.0050
2026-08-12 20:07:56,963 | INFO | MainThread | epoch 113 dev metrics (tuned thresholds): st1_macro_f1=0.661, st2_macro_f1=0.638, st3_macro_f1=0.445, st3_family_macro_f1=0.606, mean_macro_f1=0.581
2026-08-12 20:07:56,963 | INFO | MainThread | epoch 113 dev st1 per-label F1: digital_content_or_services=0.873, none=0.235, physical_goods=0.856, physical_services=0.680
2026-08-12 20:07:56,963 | INFO | MainThread | epoch 113 dev st2 per-label F1: apps=0.758, creator_community=0.592, education=0.593, fashion=0.594, financial=0.750, food=0.825, gambling=0.667, gambling_adjacent=0.437, hardware_electronics=0.822, health=0.808, other=0.484, toys=0.333
2026-08-12 20:07:56,963 | INFO | MainThread | epoch 113 dev st3 per-label F1: age_restricted_or_prohibited_product=0.519, direct_exhortation=0.227, hfss_food_marketing=0.500, inadequate_disclosure=0.229, insufficient_context=0.222, misleading_claim=0.775, no_flag=0.554, undisclosed_advertising=0.530
2026-08-12 20:07:56,963 | INFO | MainThread | epoch 113 dev st3_family per-label F1: content=0.770, disclosure=0.583, housekeeping=0.558, product=0.514
2026-08-12 20:09:33,038 | INFO | MainThread | epoch 114: mean train loss = 0.0045
2026-08-12 20:09:41,918 | INFO | MainThread | epoch 114 dev metrics (tuned thresholds): st1_macro_f1=0.604, st2_macro_f1=0.649, st3_macro_f1=0.464, st3_family_macro_f1=0.610, mean_macro_f1=0.572
2026-08-12 20:09:41,918 | INFO | MainThread | epoch 114 dev st1 per-label F1: digital_content_or_services=0.876, none=0.000, physical_goods=0.860, physical_services=0.679
2026-08-12 20:09:41,918 | INFO | MainThread | epoch 114 dev st2 per-label F1: apps=0.740, creator_community=0.588, education=0.615, fashion=0.547, financial=0.732, food=0.833, gambling=0.727, gambling_adjacent=0.465, hardware_electronics=0.803, health=0.860, other=0.461, toys=0.421
2026-08-12 20:09:41,918 | INFO | MainThread | epoch 114 dev st3 per-label F1: age_restricted_or_prohibited_product=0.560, direct_exhortation=0.248, hfss_food_marketing=0.462, inadequate_disclosure=0.222, insufficient_context=0.300, misleading_claim=0.764, no_flag=0.559, undisclosed_advertising=0.597
2026-08-12 20:09:41,918 | INFO | MainThread | epoch 114 dev st3_family per-label F1: content=0.754, disclosure=0.587, housekeeping=0.574, product=0.526
2026-08-12 20:11:17,929 | INFO | MainThread | epoch 115: mean train loss = 0.0073
2026-08-12 20:11:26,729 | INFO | MainThread | epoch 115 dev metrics (tuned thresholds): st1_macro_f1=0.702, st2_macro_f1=0.642, st3_macro_f1=0.488, st3_family_macro_f1=0.597, mean_macro_f1=0.611
2026-08-12 20:11:26,729 | INFO | MainThread | epoch 115 dev st1 per-label F1: digital_content_or_services=0.875, none=0.400, physical_goods=0.854, physical_services=0.681
2026-08-12 20:11:26,729 | INFO | MainThread | epoch 115 dev st2 per-label F1: apps=0.753, creator_community=0.582, education=0.571, fashion=0.589, financial=0.732, food=0.839, gambling=0.667, gambling_adjacent=0.467, hardware_electronics=0.817, health=0.835, other=0.488, toys=0.370
2026-08-12 20:11:26,729 | INFO | MainThread | epoch 115 dev st3 per-label F1: age_restricted_or_prohibited_product=0.552, direct_exhortation=0.286, hfss_food_marketing=0.462, inadequate_disclosure=0.224, insufficient_context=0.500, misleading_claim=0.756, no_flag=0.560, undisclosed_advertising=0.567
2026-08-12 20:11:26,729 | INFO | MainThread | epoch 115 dev st3_family per-label F1: content=0.747, disclosure=0.548, housekeeping=0.569, product=0.524
2026-08-12 20:13:02,781 | INFO | MainThread | epoch 116: mean train loss = 0.0058
2026-08-12 20:13:11,765 | INFO | MainThread | epoch 116 dev metrics (tuned thresholds): st1_macro_f1=0.715, st2_macro_f1=0.647, st3_macro_f1=0.470, st3_family_macro_f1=0.613, mean_macro_f1=0.610
2026-08-12 20:13:11,765 | INFO | MainThread | epoch 116 dev st1 per-label F1: digital_content_or_services=0.875, none=0.435, physical_goods=0.855, physical_services=0.694
2026-08-12 20:13:11,765 | INFO | MainThread | epoch 116 dev st2 per-label F1: apps=0.756, creator_community=0.612, education=0.593, fashion=0.551, financial=0.732, food=0.837, gambling=0.727, gambling_adjacent=0.488, hardware_electronics=0.815, health=0.827, other=0.500, toys=0.323
2026-08-12 20:13:11,765 | INFO | MainThread | epoch 116 dev st3 per-label F1: age_restricted_or_prohibited_product=0.593, direct_exhortation=0.237, hfss_food_marketing=0.364, inadequate_disclosure=0.291, insufficient_context=0.400, misleading_claim=0.750, no_flag=0.549, undisclosed_advertising=0.579
2026-08-12 20:13:11,765 | INFO | MainThread | epoch 116 dev st3_family per-label F1: content=0.744, disclosure=0.628, housekeeping=0.554, product=0.526
2026-08-12 20:14:47,790 | INFO | MainThread | epoch 117: mean train loss = 0.0041
2026-08-12 20:14:56,532 | INFO | MainThread | epoch 117 dev metrics (tuned thresholds): st1_macro_f1=0.705, st2_macro_f1=0.636, st3_macro_f1=0.447, st3_family_macro_f1=0.601, mean_macro_f1=0.596
2026-08-12 20:14:56,533 | INFO | MainThread | epoch 117 dev st1 per-label F1: digital_content_or_services=0.869, none=0.421, physical_goods=0.850, physical_services=0.681
2026-08-12 20:14:56,533 | INFO | MainThread | epoch 117 dev st2 per-label F1: apps=0.762, creator_community=0.550, education=0.571, fashion=0.590, financial=0.769, food=0.830, gambling=0.667, gambling_adjacent=0.450, hardware_electronics=0.791, health=0.815, other=0.487, toys=0.345
2026-08-12 20:14:56,533 | INFO | MainThread | epoch 117 dev st3 per-label F1: age_restricted_or_prohibited_product=0.538, direct_exhortation=0.171, hfss_food_marketing=0.444, inadequate_disclosure=0.208, insufficient_context=0.296, misleading_claim=0.768, no_flag=0.535, undisclosed_advertising=0.614
2026-08-12 20:14:56,533 | INFO | MainThread | epoch 117 dev st3_family per-label F1: content=0.765, disclosure=0.562, housekeeping=0.561, product=0.514
2026-08-12 20:16:32,528 | INFO | MainThread | epoch 118: mean train loss = 0.0047
2026-08-12 20:16:41,431 | INFO | MainThread | epoch 118 dev metrics (tuned thresholds): st1_macro_f1=0.736, st2_macro_f1=0.643, st3_macro_f1=0.449, st3_family_macro_f1=0.618, mean_macro_f1=0.609
2026-08-12 20:16:41,431 | INFO | MainThread | epoch 118 dev st1 per-label F1: digital_content_or_services=0.866, none=0.500, physical_goods=0.855, physical_services=0.723
2026-08-12 20:16:41,431 | INFO | MainThread | epoch 118 dev st2 per-label F1: apps=0.746, creator_community=0.543, education=0.593, fashion=0.560, financial=0.769, food=0.830, gambling=0.800, gambling_adjacent=0.450, hardware_electronics=0.805, health=0.835, other=0.468, toys=0.316
2026-08-12 20:16:41,431 | INFO | MainThread | epoch 118 dev st3 per-label F1: age_restricted_or_prohibited_product=0.560, direct_exhortation=0.207, hfss_food_marketing=0.500, inadequate_disclosure=0.184, insufficient_context=0.244, misleading_claim=0.766, no_flag=0.561, undisclosed_advertising=0.571
2026-08-12 20:16:41,431 | INFO | MainThread | epoch 118 dev st3_family per-label F1: content=0.770, disclosure=0.572, housekeeping=0.585, product=0.545
2026-08-12 20:18:17,622 | INFO | MainThread | epoch 119: mean train loss = 0.0038
2026-08-12 20:18:26,390 | INFO | MainThread | epoch 119 dev metrics (tuned thresholds): st1_macro_f1=0.696, st2_macro_f1=0.636, st3_macro_f1=0.469, st3_family_macro_f1=0.605, mean_macro_f1=0.600
2026-08-12 20:18:26,390 | INFO | MainThread | epoch 119 dev st1 per-label F1: digital_content_or_services=0.869, none=0.333, physical_goods=0.856, physical_services=0.723
2026-08-12 20:18:26,390 | INFO | MainThread | epoch 119 dev st2 per-label F1: apps=0.737, creator_community=0.533, education=0.560, fashion=0.569, financial=0.789, food=0.812, gambling=0.727, gambling_adjacent=0.424, hardware_electronics=0.798, health=0.851, other=0.476, toys=0.357
2026-08-12 20:18:26,390 | INFO | MainThread | epoch 119 dev st3 per-label F1: age_restricted_or_prohibited_product=0.560, direct_exhortation=0.206, hfss_food_marketing=0.444, inadequate_disclosure=0.252, insufficient_context=0.400, misleading_claim=0.743, no_flag=0.551, undisclosed_advertising=0.599
2026-08-12 20:18:26,390 | INFO | MainThread | epoch 119 dev st3_family per-label F1: content=0.733, disclosure=0.598, housekeeping=0.558, product=0.529
2026-08-12 20:20:02,255 | INFO | MainThread | epoch 120: mean train loss = 0.0044
2026-08-12 20:20:11,234 | INFO | MainThread | epoch 120 dev metrics (tuned thresholds): st1_macro_f1=0.653, st2_macro_f1=0.647, st3_macro_f1=0.492, st3_family_macro_f1=0.627, mean_macro_f1=0.597
2026-08-12 20:20:11,234 | INFO | MainThread | epoch 120 dev st1 per-label F1: digital_content_or_services=0.869, none=0.222, physical_goods=0.853, physical_services=0.667
2026-08-12 20:20:11,235 | INFO | MainThread | epoch 120 dev st2 per-label F1: apps=0.745, creator_community=0.533, education=0.593, fashion=0.554, financial=0.750, food=0.842, gambling=0.727, gambling_adjacent=0.512, hardware_electronics=0.829, health=0.819, other=0.460, toys=0.400
2026-08-12 20:20:11,235 | INFO | MainThread | epoch 120 dev st3 per-label F1: age_restricted_or_prohibited_product=0.593, direct_exhortation=0.195, hfss_food_marketing=0.500, inadequate_disclosure=0.294, insufficient_context=0.417, misleading_claim=0.766, no_flag=0.570, undisclosed_advertising=0.600
2026-08-12 20:20:11,235 | INFO | MainThread | epoch 120 dev st3_family per-label F1: content=0.758, disclosure=0.609, housekeeping=0.571, product=0.571
2026-08-12 20:21:47,224 | INFO | MainThread | epoch 121: mean train loss = 0.0027
2026-08-12 20:21:55,985 | INFO | MainThread | epoch 121 dev metrics (tuned thresholds): st1_macro_f1=0.646, st2_macro_f1=0.632, st3_macro_f1=0.466, st3_family_macro_f1=0.614, mean_macro_f1=0.581
2026-08-12 20:21:55,985 | INFO | MainThread | epoch 121 dev st1 per-label F1: digital_content_or_services=0.875, none=0.125, physical_goods=0.866, physical_services=0.720
2026-08-12 20:21:55,985 | INFO | MainThread | epoch 121 dev st2 per-label F1: apps=0.760, creator_community=0.484, education=0.593, fashion=0.549, financial=0.732, food=0.842, gambling=0.727, gambling_adjacent=0.439, hardware_electronics=0.797, health=0.835, other=0.480, toys=0.345
2026-08-12 20:21:55,985 | INFO | MainThread | epoch 121 dev st3 per-label F1: age_restricted_or_prohibited_product=0.560, direct_exhortation=0.274, hfss_food_marketing=0.353, inadequate_disclosure=0.291, insufficient_context=0.370, misleading_claim=0.765, no_flag=0.548, undisclosed_advertising=0.566
2026-08-12 20:21:55,985 | INFO | MainThread | epoch 121 dev st3_family per-label F1: content=0.765, disclosure=0.612, housekeeping=0.566, product=0.513
2026-08-12 20:23:32,057 | INFO | MainThread | epoch 122: mean train loss = 0.0060
2026-08-12 20:23:41,012 | INFO | MainThread | epoch 122 dev metrics (tuned thresholds): st1_macro_f1=0.643, st2_macro_f1=0.638, st3_macro_f1=0.451, st3_family_macro_f1=0.612, mean_macro_f1=0.578
2026-08-12 20:23:41,012 | INFO | MainThread | epoch 122 dev st1 per-label F1: digital_content_or_services=0.867, none=0.125, physical_goods=0.861, physical_services=0.720
2026-08-12 20:23:41,012 | INFO | MainThread | epoch 122 dev st2 per-label F1: apps=0.745, creator_community=0.532, education=0.593, fashion=0.563, financial=0.718, food=0.828, gambling=0.727, gambling_adjacent=0.457, hardware_electronics=0.828, health=0.851, other=0.473, toys=0.345
2026-08-12 20:23:41,013 | INFO | MainThread | epoch 122 dev st3 per-label F1: age_restricted_or_prohibited_product=0.571, direct_exhortation=0.218, hfss_food_marketing=0.400, inadequate_disclosure=0.239, insufficient_context=0.300, misleading_claim=0.765, no_flag=0.522, undisclosed_advertising=0.595
2026-08-12 20:23:41,013 | INFO | MainThread | epoch 122 dev st3_family per-label F1: content=0.768, disclosure=0.612, housekeeping=0.543, product=0.526
2026-08-12 20:25:17,016 | INFO | MainThread | epoch 123: mean train loss = 0.0050
2026-08-12 20:25:25,783 | INFO | MainThread | epoch 123 dev metrics (tuned thresholds): st1_macro_f1=0.603, st2_macro_f1=0.644, st3_macro_f1=0.429, st3_family_macro_f1=0.606, mean_macro_f1=0.559
2026-08-12 20:25:25,784 | INFO | MainThread | epoch 123 dev st1 per-label F1: digital_content_or_services=0.867, none=0.000, physical_goods=0.853, physical_services=0.692
2026-08-12 20:25:25,784 | INFO | MainThread | epoch 123 dev st2 per-label F1: apps=0.762, creator_community=0.551, education=0.615, fashion=0.590, financial=0.732, food=0.821, gambling=0.727, gambling_adjacent=0.444, hardware_electronics=0.819, health=0.865, other=0.468, toys=0.333
2026-08-12 20:25:25,784 | INFO | MainThread | epoch 123 dev st3 per-label F1: age_restricted_or_prohibited_product=0.571, direct_exhortation=0.241, hfss_food_marketing=0.333, inadequate_disclosure=0.227, insufficient_context=0.200, misleading_claim=0.755, no_flag=0.536, undisclosed_advertising=0.570
2026-08-12 20:25:25,785 | INFO | MainThread | epoch 123 dev st3_family per-label F1: content=0.755, disclosure=0.603, housekeeping=0.554, product=0.512
2026-08-12 20:27:01,811 | INFO | MainThread | epoch 124: mean train loss = 0.0035
2026-08-12 20:27:10,750 | INFO | MainThread | epoch 124 dev metrics (tuned thresholds): st1_macro_f1=0.605, st2_macro_f1=0.629, st3_macro_f1=0.444, st3_family_macro_f1=0.601, mean_macro_f1=0.559
2026-08-12 20:27:10,750 | INFO | MainThread | epoch 124 dev st1 per-label F1: digital_content_or_services=0.871, none=0.000, physical_goods=0.858, physical_services=0.692
2026-08-12 20:27:10,750 | INFO | MainThread | epoch 124 dev st2 per-label F1: apps=0.747, creator_community=0.536, education=0.593, fashion=0.569, financial=0.684, food=0.817, gambling=0.727, gambling_adjacent=0.417, hardware_electronics=0.819, health=0.854, other=0.462, toys=0.320
2026-08-12 20:27:10,750 | INFO | MainThread | epoch 124 dev st3 per-label F1: age_restricted_or_prohibited_product=0.519, direct_exhortation=0.180, hfss_food_marketing=0.400, inadequate_disclosure=0.317, insufficient_context=0.240, misleading_claim=0.778, no_flag=0.553, undisclosed_advertising=0.565
2026-08-12 20:27:10,750 | INFO | MainThread | epoch 124 dev st3_family per-label F1: content=0.774, disclosure=0.598, housekeeping=0.547, product=0.486
2026-08-12 20:28:46,761 | INFO | MainThread | epoch 125: mean train loss = 0.0022
2026-08-12 20:28:55,593 | INFO | MainThread | epoch 125 dev metrics (tuned thresholds): st1_macro_f1=0.600, st2_macro_f1=0.645, st3_macro_f1=0.467, st3_family_macro_f1=0.615, mean_macro_f1=0.571
2026-08-12 20:28:55,593 | INFO | MainThread | epoch 125 dev st1 per-label F1: digital_content_or_services=0.875, none=0.000, physical_goods=0.859, physical_services=0.667
2026-08-12 20:28:55,593 | INFO | MainThread | epoch 125 dev st2 per-label F1: apps=0.748, creator_community=0.542, education=0.571, fashion=0.552, financial=0.718, food=0.820, gambling=0.800, gambling_adjacent=0.462, hardware_electronics=0.825, health=0.863, other=0.438, toys=0.400
2026-08-12 20:28:55,593 | INFO | MainThread | epoch 125 dev st3 per-label F1: age_restricted_or_prohibited_product=0.571, direct_exhortation=0.183, hfss_food_marketing=0.500, inadequate_disclosure=0.212, insufficient_context=0.333, misleading_claim=0.763, no_flag=0.571, undisclosed_advertising=0.603
2026-08-12 20:28:55,593 | INFO | MainThread | epoch 125 dev st3_family per-label F1: content=0.758, disclosure=0.588, housekeeping=0.557, product=0.556
2026-08-12 20:30:31,645 | INFO | MainThread | epoch 126: mean train loss = 0.0064
2026-08-12 20:30:40,586 | INFO | MainThread | epoch 126 dev metrics (tuned thresholds): st1_macro_f1=0.694, st2_macro_f1=0.635, st3_macro_f1=0.464, st3_family_macro_f1=0.611, mean_macro_f1=0.598
2026-08-12 20:30:40,586 | INFO | MainThread | epoch 126 dev st1 per-label F1: digital_content_or_services=0.872, none=0.333, physical_goods=0.850, physical_services=0.720
2026-08-12 20:30:40,586 | INFO | MainThread | epoch 126 dev st2 per-label F1: apps=0.756, creator_community=0.551, education=0.593, fashion=0.536, financial=0.732, food=0.839, gambling=0.727, gambling_adjacent=0.421, hardware_electronics=0.820, health=0.830, other=0.494, toys=0.320
2026-08-12 20:30:40,586 | INFO | MainThread | epoch 126 dev st3 per-label F1: age_restricted_or_prohibited_product=0.583, direct_exhortation=0.177, hfss_food_marketing=0.500, inadequate_disclosure=0.209, insufficient_context=0.381, misleading_claim=0.742, no_flag=0.564, undisclosed_advertising=0.559
2026-08-12 20:30:40,586 | INFO | MainThread | epoch 126 dev st3_family per-label F1: content=0.734, disclosure=0.581, housekeeping=0.565, product=0.562
2026-08-12 20:32:16,618 | INFO | MainThread | epoch 127: mean train loss = 0.0051
2026-08-12 20:32:25,449 | INFO | MainThread | epoch 127 dev metrics (tuned thresholds): st1_macro_f1=0.609, st2_macro_f1=0.638, st3_macro_f1=0.477, st3_family_macro_f1=0.628, mean_macro_f1=0.574
2026-08-12 20:32:25,449 | INFO | MainThread | epoch 127 dev st1 per-label F1: digital_content_or_services=0.877, none=0.000, physical_goods=0.864, physical_services=0.692
2026-08-12 20:32:25,449 | INFO | MainThread | epoch 127 dev st2 per-label F1: apps=0.765, creator_community=0.557, education=0.571, fashion=0.523, financial=0.732, food=0.845, gambling=0.800, gambling_adjacent=0.412, hardware_electronics=0.805, health=0.811, other=0.431, toys=0.400
2026-08-12 20:32:25,450 | INFO | MainThread | epoch 127 dev st3 per-label F1: age_restricted_or_prohibited_product=0.615, direct_exhortation=0.204, hfss_food_marketing=0.444, inadequate_disclosure=0.278, insufficient_context=0.375, misleading_claim=0.766, no_flag=0.576, undisclosed_advertising=0.558
2026-08-12 20:32:25,450 | INFO | MainThread | epoch 127 dev st3_family per-label F1: content=0.767, disclosure=0.599, housekeeping=0.572, product=0.571
2026-08-12 20:34:01,572 | INFO | MainThread | epoch 128: mean train loss = 0.0034
2026-08-12 20:34:10,468 | INFO | MainThread | epoch 128 dev metrics (tuned thresholds): st1_macro_f1=0.672, st2_macro_f1=0.643, st3_macro_f1=0.483, st3_family_macro_f1=0.608, mean_macro_f1=0.600
2026-08-12 20:34:10,468 | INFO | MainThread | epoch 128 dev st1 per-label F1: digital_content_or_services=0.868, none=0.222, physical_goods=0.860, physical_services=0.739
2026-08-12 20:34:10,468 | INFO | MainThread | epoch 128 dev st2 per-label F1: apps=0.765, creator_community=0.567, education=0.593, fashion=0.574, financial=0.732, food=0.828, gambling=0.800, gambling_adjacent=0.414, hardware_electronics=0.780, health=0.846, other=0.484, toys=0.333
2026-08-12 20:34:10,468 | INFO | MainThread | epoch 128 dev st3 per-label F1: age_restricted_or_prohibited_product=0.593, direct_exhortation=0.194, hfss_food_marketing=0.400, inadequate_disclosure=0.222, insufficient_context=0.588, misleading_claim=0.762, no_flag=0.547, undisclosed_advertising=0.561
2026-08-12 20:34:10,468 | INFO | MainThread | epoch 128 dev st3_family per-label F1: content=0.751, disclosure=0.578, housekeeping=0.562, product=0.541
2026-08-12 20:35:46,491 | INFO | MainThread | epoch 129: mean train loss = 0.0027
2026-08-12 20:35:55,333 | INFO | MainThread | epoch 129 dev metrics (tuned thresholds): st1_macro_f1=0.634, st2_macro_f1=0.646, st3_macro_f1=0.464, st3_family_macro_f1=0.632, mean_macro_f1=0.581
2026-08-12 20:35:55,333 | INFO | MainThread | epoch 129 dev st1 per-label F1: digital_content_or_services=0.863, none=0.125, physical_goods=0.854, physical_services=0.694
2026-08-12 20:35:55,333 | INFO | MainThread | epoch 129 dev st2 per-label F1: apps=0.756, creator_community=0.525, education=0.615, fashion=0.554, financial=0.750, food=0.825, gambling=0.800, gambling_adjacent=0.444, hardware_electronics=0.802, health=0.838, other=0.447, toys=0.400
2026-08-12 20:35:55,334 | INFO | MainThread | epoch 129 dev st3 per-label F1: age_restricted_or_prohibited_product=0.600, direct_exhortation=0.214, hfss_food_marketing=0.444, inadequate_disclosure=0.256, insufficient_context=0.261, misleading_claim=0.768, no_flag=0.581, undisclosed_advertising=0.584
2026-08-12 20:35:55,334 | INFO | MainThread | epoch 129 dev st3_family per-label F1: content=0.757, disclosure=0.630, housekeeping=0.576, product=0.564
2026-08-12 20:37:31,165 | INFO | MainThread | epoch 130: mean train loss = 0.0024
2026-08-12 20:37:40,021 | INFO | MainThread | epoch 130 dev metrics (tuned thresholds): st1_macro_f1=0.666, st2_macro_f1=0.629, st3_macro_f1=0.451, st3_family_macro_f1=0.599, mean_macro_f1=0.582
2026-08-12 20:37:40,021 | INFO | MainThread | epoch 130 dev st1 per-label F1: digital_content_or_services=0.866, none=0.211, physical_goods=0.853, physical_services=0.735
2026-08-12 20:37:40,021 | INFO | MainThread | epoch 130 dev st2 per-label F1: apps=0.752, creator_community=0.541, education=0.615, fashion=0.571, financial=0.732, food=0.821, gambling=0.667, gambling_adjacent=0.452, hardware_electronics=0.802, health=0.843, other=0.450, toys=0.300
2026-08-12 20:37:40,021 | INFO | MainThread | epoch 130 dev st3 per-label F1: age_restricted_or_prohibited_product=0.500, direct_exhortation=0.183, hfss_food_marketing=0.444, inadequate_disclosure=0.183, insufficient_context=0.348, misleading_claim=0.769, no_flag=0.581, undisclosed_advertising=0.600
2026-08-12 20:37:40,021 | INFO | MainThread | epoch 130 dev st3_family per-label F1: content=0.755, disclosure=0.572, housekeeping=0.583, product=0.485
2026-08-12 20:39:16,091 | INFO | MainThread | epoch 131: mean train loss = 0.0048
2026-08-12 20:39:24,897 | INFO | MainThread | epoch 131 dev metrics (tuned thresholds): st1_macro_f1=0.611, st2_macro_f1=0.636, st3_macro_f1=0.484, st3_family_macro_f1=0.624, mean_macro_f1=0.577
2026-08-12 20:39:24,897 | INFO | MainThread | epoch 131 dev st1 per-label F1: digital_content_or_services=0.873, none=0.000, physical_goods=0.862, physical_services=0.708
2026-08-12 20:39:24,897 | INFO | MainThread | epoch 131 dev st2 per-label F1: apps=0.757, creator_community=0.537, education=0.571, fashion=0.600, financial=0.750, food=0.837, gambling=0.727, gambling_adjacent=0.421, hardware_electronics=0.826, health=0.851, other=0.400, toys=0.353
2026-08-12 20:39:24,897 | INFO | MainThread | epoch 131 dev st3 per-label F1: age_restricted_or_prohibited_product=0.560, direct_exhortation=0.165, hfss_food_marketing=0.444, inadequate_disclosure=0.254, insufficient_context=0.471, misleading_claim=0.770, no_flag=0.600, undisclosed_advertising=0.608
2026-08-12 20:39:24,897 | INFO | MainThread | epoch 131 dev st3_family per-label F1: content=0.762, disclosure=0.605, housekeeping=0.599, product=0.529
2026-08-12 20:41:00,922 | INFO | MainThread | epoch 132: mean train loss = 0.0032
2026-08-12 20:41:09,777 | INFO | MainThread | epoch 132 dev metrics (tuned thresholds): st1_macro_f1=0.685, st2_macro_f1=0.642, st3_macro_f1=0.472, st3_family_macro_f1=0.614, mean_macro_f1=0.600
2026-08-12 20:41:09,777 | INFO | MainThread | epoch 132 dev st1 per-label F1: digital_content_or_services=0.870, none=0.222, physical_goods=0.857, physical_services=0.792
2026-08-12 20:41:09,777 | INFO | MainThread | epoch 132 dev st2 per-label F1: apps=0.764, creator_community=0.535, education=0.571, fashion=0.585, financial=0.732, food=0.833, gambling=0.727, gambling_adjacent=0.452, hardware_electronics=0.813, health=0.851, other=0.484, toys=0.353
2026-08-12 20:41:09,777 | INFO | MainThread | epoch 132 dev st3 per-label F1: age_restricted_or_prohibited_product=0.560, direct_exhortation=0.287, hfss_food_marketing=0.444, inadequate_disclosure=0.265, insufficient_context=0.316, misleading_claim=0.763, no_flag=0.585, undisclosed_advertising=0.559
2026-08-12 20:41:09,777 | INFO | MainThread | epoch 132 dev st3_family per-label F1: content=0.756, disclosure=0.588, housekeeping=0.581, product=0.529
2026-08-12 20:42:45,687 | INFO | MainThread | epoch 133: mean train loss = 0.0031
2026-08-12 20:42:54,490 | INFO | MainThread | epoch 133 dev metrics (tuned thresholds): st1_macro_f1=0.682, st2_macro_f1=0.640, st3_macro_f1=0.452, st3_family_macro_f1=0.595, mean_macro_f1=0.591
2026-08-12 20:42:54,490 | INFO | MainThread | epoch 133 dev st1 per-label F1: digital_content_or_services=0.875, none=0.235, physical_goods=0.862, physical_services=0.756
2026-08-12 20:42:54,490 | INFO | MainThread | epoch 133 dev st2 per-label F1: apps=0.757, creator_community=0.552, education=0.593, fashion=0.596, financial=0.750, food=0.833, gambling=0.727, gambling_adjacent=0.424, hardware_electronics=0.805, health=0.860, other=0.466, toys=0.320
2026-08-12 20:42:54,491 | INFO | MainThread | epoch 133 dev st3 per-label F1: age_restricted_or_prohibited_product=0.500, direct_exhortation=0.189, hfss_food_marketing=0.364, inadequate_disclosure=0.284, insufficient_context=0.357, misleading_claim=0.767, no_flag=0.573, undisclosed_advertising=0.582
2026-08-12 20:42:54,491 | INFO | MainThread | epoch 133 dev st3_family per-label F1: content=0.766, disclosure=0.585, housekeeping=0.573, product=0.457
2026-08-12 20:44:30,398 | INFO | MainThread | epoch 134: mean train loss = 0.0024
2026-08-12 20:44:39,289 | INFO | MainThread | epoch 134 dev metrics (tuned thresholds): st1_macro_f1=0.698, st2_macro_f1=0.631, st3_macro_f1=0.463, st3_family_macro_f1=0.602, mean_macro_f1=0.597
2026-08-12 20:44:39,290 | INFO | MainThread | epoch 134 dev st1 per-label F1: digital_content_or_services=0.868, none=0.316, physical_goods=0.857, physical_services=0.750
2026-08-12 20:44:39,290 | INFO | MainThread | epoch 134 dev st2 per-label F1: apps=0.749, creator_community=0.545, education=0.593, fashion=0.560, financial=0.750, food=0.821, gambling=0.667, gambling_adjacent=0.440, hardware_electronics=0.815, health=0.843, other=0.483, toys=0.303
2026-08-12 20:44:39,290 | INFO | MainThread | epoch 134 dev st3 per-label F1: age_restricted_or_prohibited_product=0.522, direct_exhortation=0.179, hfss_food_marketing=0.444, inadequate_disclosure=0.257, insufficient_context=0.381, misleading_claim=0.754, no_flag=0.575, undisclosed_advertising=0.594
2026-08-12 20:44:39,290 | INFO | MainThread | epoch 134 dev st3_family per-label F1: content=0.750, disclosure=0.576, housekeeping=0.581, product=0.500
2026-08-12 20:46:15,381 | INFO | MainThread | epoch 135: mean train loss = 0.0038
2026-08-12 20:46:24,203 | INFO | MainThread | epoch 135 dev metrics (tuned thresholds): st1_macro_f1=0.673, st2_macro_f1=0.636, st3_macro_f1=0.460, st3_family_macro_f1=0.611, mean_macro_f1=0.590
2026-08-12 20:46:24,203 | INFO | MainThread | epoch 135 dev st1 per-label F1: digital_content_or_services=0.869, none=0.222, physical_goods=0.865, physical_services=0.735
2026-08-12 20:46:24,204 | INFO | MainThread | epoch 135 dev st2 per-label F1: apps=0.746, creator_community=0.529, education=0.571, fashion=0.544, financial=0.750, food=0.845, gambling=0.667, gambling_adjacent=0.457, hardware_electronics=0.819, health=0.843, other=0.508, toys=0.353
2026-08-12 20:46:24,204 | INFO | MainThread | epoch 135 dev st3 per-label F1: age_restricted_or_prohibited_product=0.538, direct_exhortation=0.196, hfss_food_marketing=0.444, inadequate_disclosure=0.244, insufficient_context=0.348, misleading_claim=0.773, no_flag=0.557, undisclosed_advertising=0.579
2026-08-12 20:46:24,204 | INFO | MainThread | epoch 135 dev st3_family per-label F1: content=0.760, disclosure=0.589, housekeeping=0.581, product=0.514
2026-08-12 20:48:00,016 | INFO | MainThread | epoch 136: mean train loss = 0.0031
2026-08-12 20:48:08,730 | INFO | MainThread | epoch 136 dev metrics (tuned thresholds): st1_macro_f1=0.673, st2_macro_f1=0.637, st3_macro_f1=0.465, st3_family_macro_f1=0.608, mean_macro_f1=0.592
2026-08-12 20:48:08,730 | INFO | MainThread | epoch 136 dev st1 per-label F1: digital_content_or_services=0.861, none=0.222, physical_goods=0.859, physical_services=0.750
2026-08-12 20:48:08,730 | INFO | MainThread | epoch 136 dev st2 per-label F1: apps=0.747, creator_community=0.544, education=0.593, fashion=0.571, financial=0.762, food=0.839, gambling=0.667, gambling_adjacent=0.462, hardware_electronics=0.812, health=0.819, other=0.494, toys=0.333
2026-08-12 20:48:08,731 | INFO | MainThread | epoch 136 dev st3 per-label F1: age_restricted_or_prohibited_product=0.560, direct_exhortation=0.182, hfss_food_marketing=0.444, inadequate_disclosure=0.240, insufficient_context=0.417, misleading_claim=0.764, no_flag=0.554, undisclosed_advertising=0.559
2026-08-12 20:48:08,731 | INFO | MainThread | epoch 136 dev st3_family per-label F1: content=0.750, disclosure=0.583, housekeeping=0.569, product=0.529
2026-08-12 20:49:44,938 | INFO | MainThread | epoch 137: mean train loss = 0.0041
2026-08-12 20:49:53,818 | INFO | MainThread | epoch 137 dev metrics (tuned thresholds): st1_macro_f1=0.669, st2_macro_f1=0.638, st3_macro_f1=0.466, st3_family_macro_f1=0.624, mean_macro_f1=0.591
2026-08-12 20:49:53,818 | INFO | MainThread | epoch 137 dev st1 per-label F1: digital_content_or_services=0.869, none=0.200, physical_goods=0.858, physical_services=0.750
2026-08-12 20:49:53,818 | INFO | MainThread | epoch 137 dev st2 per-label F1: apps=0.739, creator_community=0.532, education=0.571, fashion=0.579, financial=0.737, food=0.821, gambling=0.727, gambling_adjacent=0.467, hardware_electronics=0.815, health=0.835, other=0.435, toys=0.400
2026-08-12 20:49:53,818 | INFO | MainThread | epoch 137 dev st3 per-label F1: age_restricted_or_prohibited_product=0.583, direct_exhortation=0.169, hfss_food_marketing=0.444, inadequate_disclosure=0.246, insufficient_context=0.348, misleading_claim=0.763, no_flag=0.582, undisclosed_advertising=0.592
2026-08-12 20:49:53,818 | INFO | MainThread | epoch 137 dev st3_family per-label F1: content=0.752, disclosure=0.619, housekeeping=0.577, product=0.545
2026-08-12 20:51:29,813 | INFO | MainThread | epoch 138: mean train loss = 0.0015
2026-08-12 20:51:38,536 | INFO | MainThread | epoch 138 dev metrics (tuned thresholds): st1_macro_f1=0.638, st2_macro_f1=0.640, st3_macro_f1=0.468, st3_family_macro_f1=0.624, mean_macro_f1=0.582
2026-08-12 20:51:38,536 | INFO | MainThread | epoch 138 dev st1 per-label F1: digital_content_or_services=0.871, none=0.111, physical_goods=0.860, physical_services=0.708
2026-08-12 20:51:38,536 | INFO | MainThread | epoch 138 dev st2 per-label F1: apps=0.758, creator_community=0.532, education=0.593, fashion=0.577, financial=0.737, food=0.800, gambling=0.667, gambling_adjacent=0.457, hardware_electronics=0.810, health=0.827, other=0.483, toys=0.444
2026-08-12 20:51:38,537 | INFO | MainThread | epoch 138 dev st3 per-label F1: age_restricted_or_prohibited_product=0.583, direct_exhortation=0.227, hfss_food_marketing=0.444, inadequate_disclosure=0.270, insufficient_context=0.276, misleading_claim=0.778, no_flag=0.566, undisclosed_advertising=0.596
2026-08-12 20:51:38,537 | INFO | MainThread | epoch 138 dev st3_family per-label F1: content=0.763, disclosure=0.621, housekeeping=0.564, product=0.545
2026-08-12 20:53:14,713 | INFO | MainThread | epoch 139: mean train loss = 0.0022
2026-08-12 20:53:23,601 | INFO | MainThread | epoch 139 dev metrics (tuned thresholds): st1_macro_f1=0.645, st2_macro_f1=0.635, st3_macro_f1=0.450, st3_family_macro_f1=0.600, mean_macro_f1=0.577
2026-08-12 20:53:23,601 | INFO | MainThread | epoch 139 dev st1 per-label F1: digital_content_or_services=0.871, none=0.125, physical_goods=0.860, physical_services=0.723
2026-08-12 20:53:23,601 | INFO | MainThread | epoch 139 dev st2 per-label F1: apps=0.763, creator_community=0.517, education=0.593, fashion=0.574, financial=0.750, food=0.821, gambling=0.667, gambling_adjacent=0.432, hardware_electronics=0.802, health=0.807, other=0.479, toys=0.421
2026-08-12 20:53:23,601 | INFO | MainThread | epoch 139 dev st3 per-label F1: age_restricted_or_prohibited_product=0.500, direct_exhortation=0.176, hfss_food_marketing=0.500, inadequate_disclosure=0.239, insufficient_context=0.308, misleading_claim=0.747, no_flag=0.569, undisclosed_advertising=0.563
2026-08-12 20:53:23,601 | INFO | MainThread | epoch 139 dev st3_family per-label F1: content=0.735, disclosure=0.591, housekeeping=0.572, product=0.500
2026-08-12 20:54:59,446 | INFO | MainThread | epoch 140: mean train loss = 0.0025
2026-08-12 20:55:08,166 | INFO | MainThread | epoch 140 dev metrics (tuned thresholds): st1_macro_f1=0.610, st2_macro_f1=0.648, st3_macro_f1=0.457, st3_family_macro_f1=0.611, mean_macro_f1=0.572
2026-08-12 20:55:08,166 | INFO | MainThread | epoch 140 dev st1 per-label F1: digital_content_or_services=0.860, none=0.000, physical_goods=0.858, physical_services=0.723
2026-08-12 20:55:08,166 | INFO | MainThread | epoch 140 dev st2 per-label F1: apps=0.744, creator_community=0.522, education=0.615, fashion=0.579, financial=0.750, food=0.821, gambling=0.727, gambling_adjacent=0.467, hardware_electronics=0.812, health=0.835, other=0.433, toys=0.471
2026-08-12 20:55:08,166 | INFO | MainThread | epoch 140 dev st3 per-label F1: age_restricted_or_prohibited_product=0.583, direct_exhortation=0.159, hfss_food_marketing=0.444, inadequate_disclosure=0.229, insufficient_context=0.370, misleading_claim=0.753, no_flag=0.555, undisclosed_advertising=0.562
2026-08-12 20:55:08,166 | INFO | MainThread | epoch 140 dev st3_family per-label F1: content=0.736, disclosure=0.599, housekeeping=0.565, product=0.545
2026-08-12 20:56:44,210 | INFO | MainThread | epoch 141: mean train loss = 0.0010
2026-08-12 20:56:53,051 | INFO | MainThread | epoch 141 dev metrics (tuned thresholds): st1_macro_f1=0.636, st2_macro_f1=0.636, st3_macro_f1=0.463, st3_family_macro_f1=0.622, mean_macro_f1=0.578
2026-08-12 20:56:53,051 | INFO | MainThread | epoch 141 dev st1 per-label F1: digital_content_or_services=0.862, none=0.118, physical_goods=0.855, physical_services=0.708
2026-08-12 20:56:53,051 | INFO | MainThread | epoch 141 dev st2 per-label F1: apps=0.759, creator_community=0.517, education=0.615, fashion=0.571, financial=0.750, food=0.804, gambling=0.727, gambling_adjacent=0.424, hardware_electronics=0.802, health=0.835, other=0.471, toys=0.353
2026-08-12 20:56:53,051 | INFO | MainThread | epoch 141 dev st3 per-label F1: age_restricted_or_prohibited_product=0.583, direct_exhortation=0.161, hfss_food_marketing=0.500, inadequate_disclosure=0.271, insufficient_context=0.308, misleading_claim=0.769, no_flag=0.550, undisclosed_advertising=0.561
2026-08-12 20:56:53,052 | INFO | MainThread | epoch 141 dev st3_family per-label F1: content=0.756, disclosure=0.601, housekeeping=0.569, product=0.562
2026-08-12 20:58:29,000 | INFO | MainThread | epoch 142: mean train loss = 0.0010
2026-08-12 20:58:37,724 | INFO | MainThread | epoch 142 dev metrics (tuned thresholds): st1_macro_f1=0.632, st2_macro_f1=0.650, st3_macro_f1=0.463, st3_family_macro_f1=0.624, mean_macro_f1=0.582
2026-08-12 20:58:37,724 | INFO | MainThread | epoch 142 dev st1 per-label F1: digital_content_or_services=0.869, none=0.125, physical_goods=0.855, physical_services=0.680
2026-08-12 20:58:37,726 | INFO | MainThread | epoch 142 dev st2 per-label F1: apps=0.760, creator_community=0.547, education=0.593, fashion=0.569, financial=0.750, food=0.817, gambling=0.727, gambling_adjacent=0.452, hardware_electronics=0.815, health=0.832, other=0.467, toys=0.471
2026-08-12 20:58:37,726 | INFO | MainThread | epoch 142 dev st3 per-label F1: age_restricted_or_prohibited_product=0.615, direct_exhortation=0.174, hfss_food_marketing=0.500, inadequate_disclosure=0.250, insufficient_context=0.267, misleading_claim=0.762, no_flag=0.549, undisclosed_advertising=0.584
2026-08-12 20:58:37,726 | INFO | MainThread | epoch 142 dev st3_family per-label F1: content=0.750, disclosure=0.589, housekeeping=0.567, product=0.588
2026-08-12 21:00:13,794 | INFO | MainThread | epoch 143: mean train loss = 0.0019
2026-08-12 21:00:22,632 | INFO | MainThread | epoch 143 dev metrics (tuned thresholds): st1_macro_f1=0.644, st2_macro_f1=0.649, st3_macro_f1=0.498, st3_family_macro_f1=0.617, mean_macro_f1=0.597
2026-08-12 21:00:22,632 | INFO | MainThread | epoch 143 dev st1 per-label F1: digital_content_or_services=0.881, none=0.118, physical_goods=0.870, physical_services=0.708
2026-08-12 21:00:22,632 | INFO | MainThread | epoch 143 dev st2 per-label F1: apps=0.772, creator_community=0.543, education=0.593, fashion=0.586, financial=0.780, food=0.817, gambling=0.727, gambling_adjacent=0.489, hardware_electronics=0.782, health=0.819, other=0.431, toys=0.444
2026-08-12 21:00:22,632 | INFO | MainThread | epoch 143 dev st3 per-label F1: age_restricted_or_prohibited_product=0.593, direct_exhortation=0.224, hfss_food_marketing=0.500, inadequate_disclosure=0.285, insufficient_context=0.500, misleading_claim=0.752, no_flag=0.549, undisclosed_advertising=0.580
2026-08-12 21:00:22,633 | INFO | MainThread | epoch 143 dev st3_family per-label F1: content=0.743, disclosure=0.594, housekeeping=0.566, product=0.564
2026-08-12 21:01:58,552 | INFO | MainThread | epoch 144: mean train loss = 0.0022
2026-08-12 21:02:07,310 | INFO | MainThread | epoch 144 dev metrics (tuned thresholds): st1_macro_f1=0.639, st2_macro_f1=0.647, st3_macro_f1=0.477, st3_family_macro_f1=0.611, mean_macro_f1=0.588
2026-08-12 21:02:07,310 | INFO | MainThread | epoch 144 dev st1 per-label F1: digital_content_or_services=0.870, none=0.118, physical_goods=0.860, physical_services=0.708
2026-08-12 21:02:07,310 | INFO | MainThread | epoch 144 dev st2 per-label F1: apps=0.760, creator_community=0.533, education=0.615, fashion=0.571, financial=0.750, food=0.817, gambling=0.727, gambling_adjacent=0.476, hardware_electronics=0.820, health=0.819, other=0.432, toys=0.444
2026-08-12 21:02:07,310 | INFO | MainThread | epoch 144 dev st3 per-label F1: age_restricted_or_prohibited_product=0.615, direct_exhortation=0.186, hfss_food_marketing=0.500, inadequate_disclosure=0.232, insufficient_context=0.417, misleading_claim=0.745, no_flag=0.547, undisclosed_advertising=0.578
2026-08-12 21:02:07,310 | INFO | MainThread | epoch 144 dev st3_family per-label F1: content=0.736, disclosure=0.559, housekeeping=0.562, product=0.588
2026-08-12 21:03:43,396 | INFO | MainThread | epoch 145: mean train loss = 0.0011
2026-08-12 21:03:52,263 | INFO | MainThread | epoch 145 dev metrics (tuned thresholds): st1_macro_f1=0.688, st2_macro_f1=0.647, st3_macro_f1=0.476, st3_family_macro_f1=0.616, mean_macro_f1=0.604
2026-08-12 21:03:52,263 | INFO | MainThread | epoch 145 dev st1 per-label F1: digital_content_or_services=0.865, none=0.300, physical_goods=0.849, physical_services=0.739
2026-08-12 21:03:52,263 | INFO | MainThread | epoch 145 dev st2 per-label F1: apps=0.755, creator_community=0.526, education=0.593, fashion=0.571, financial=0.732, food=0.833, gambling=0.727, gambling_adjacent=0.468, hardware_electronics=0.812, health=0.843, other=0.461, toys=0.444
2026-08-12 21:03:52,263 | INFO | MainThread | epoch 145 dev st3 per-label F1: age_restricted_or_prohibited_product=0.583, direct_exhortation=0.197, hfss_food_marketing=0.500, inadequate_disclosure=0.280, insufficient_context=0.357, misleading_claim=0.754, no_flag=0.556, undisclosed_advertising=0.580
2026-08-12 21:03:52,263 | INFO | MainThread | epoch 145 dev st3_family per-label F1: content=0.745, disclosure=0.586, housekeeping=0.571, product=0.562
2026-08-12 21:05:28,197 | INFO | MainThread | epoch 146: mean train loss = 0.0035
2026-08-12 21:05:36,946 | INFO | MainThread | epoch 146 dev metrics (tuned thresholds): st1_macro_f1=0.661, st2_macro_f1=0.642, st3_macro_f1=0.439, st3_family_macro_f1=0.602, mean_macro_f1=0.581
2026-08-12 21:05:36,946 | INFO | MainThread | epoch 146 dev st1 per-label F1: digital_content_or_services=0.877, none=0.118, physical_goods=0.866, physical_services=0.784
2026-08-12 21:05:36,946 | INFO | MainThread | epoch 146 dev st2 per-label F1: apps=0.772, creator_community=0.510, education=0.593, fashion=0.588, financial=0.750, food=0.833, gambling=0.727, gambling_adjacent=0.450, hardware_electronics=0.812, health=0.838, other=0.449, toys=0.381
2026-08-12 21:05:36,946 | INFO | MainThread | epoch 146 dev st3 per-label F1: age_restricted_or_prohibited_product=0.560, direct_exhortation=0.237, hfss_food_marketing=0.375, inadequate_disclosure=0.225, insufficient_context=0.256, misleading_claim=0.758, no_flag=0.546, undisclosed_advertising=0.556
2026-08-12 21:05:36,947 | INFO | MainThread | epoch 146 dev st3_family per-label F1: content=0.754, disclosure=0.598, housekeeping=0.556, product=0.500
2026-08-12 21:07:13,084 | INFO | MainThread | epoch 147: mean train loss = 0.0015
2026-08-12 21:07:21,929 | INFO | MainThread | epoch 147 dev metrics (tuned thresholds): st1_macro_f1=0.610, st2_macro_f1=0.640, st3_macro_f1=0.429, st3_family_macro_f1=0.581, mean_macro_f1=0.560
2026-08-12 21:07:21,930 | INFO | MainThread | epoch 147 dev st1 per-label F1: digital_content_or_services=0.869, none=0.000, physical_goods=0.855, physical_services=0.717
2026-08-12 21:07:21,930 | INFO | MainThread | epoch 147 dev st2 per-label F1: apps=0.743, creator_community=0.530, education=0.615, fashion=0.580, financial=0.750, food=0.817, gambling=0.727, gambling_adjacent=0.437, hardware_electronics=0.817, health=0.835, other=0.469, toys=0.353
2026-08-12 21:07:21,930 | INFO | MainThread | epoch 147 dev st3 per-label F1: age_restricted_or_prohibited_product=0.522, direct_exhortation=0.164, hfss_food_marketing=0.400, inadequate_disclosure=0.250, insufficient_context=0.267, misleading_claim=0.749, no_flag=0.515, undisclosed_advertising=0.568
2026-08-12 21:07:21,930 | INFO | MainThread | epoch 147 dev st3_family per-label F1: content=0.743, disclosure=0.588, housekeeping=0.509, product=0.485
2026-08-12 21:08:57,883 | INFO | MainThread | epoch 148: mean train loss = 0.0064
2026-08-12 21:09:06,679 | INFO | MainThread | epoch 148 dev metrics (tuned thresholds): st1_macro_f1=0.615, st2_macro_f1=0.639, st3_macro_f1=0.450, st3_family_macro_f1=0.584, mean_macro_f1=0.568
2026-08-12 21:09:06,679 | INFO | MainThread | epoch 148 dev st1 per-label F1: digital_content_or_services=0.860, none=0.000, physical_goods=0.855, physical_services=0.745
2026-08-12 21:09:06,679 | INFO | MainThread | epoch 148 dev st2 per-label F1: apps=0.752, creator_community=0.524, education=0.593, fashion=0.593, financial=0.750, food=0.817, gambling=0.727, gambling_adjacent=0.426, hardware_electronics=0.812, health=0.843, other=0.478, toys=0.353
2026-08-12 21:09:06,679 | INFO | MainThread | epoch 148 dev st3 per-label F1: age_restricted_or_prohibited_product=0.538, direct_exhortation=0.182, hfss_food_marketing=0.333, inadequate_disclosure=0.250, insufficient_context=0.444, misleading_claim=0.752, no_flag=0.509, undisclosed_advertising=0.593
2026-08-12 21:09:06,679 | INFO | MainThread | epoch 148 dev st3_family per-label F1: content=0.741, disclosure=0.594, housekeeping=0.526, product=0.474
2026-08-12 21:10:42,538 | INFO | MainThread | epoch 149: mean train loss = 0.0015
2026-08-12 21:10:51,593 | INFO | MainThread | epoch 149 dev metrics (tuned thresholds): st1_macro_f1=0.673, st2_macro_f1=0.655, st3_macro_f1=0.480, st3_family_macro_f1=0.604, mean_macro_f1=0.603
2026-08-12 21:10:51,593 | INFO | MainThread | epoch 149 dev st1 per-label F1: digital_content_or_services=0.862, none=0.235, physical_goods=0.856, physical_services=0.739
2026-08-12 21:10:51,593 | INFO | MainThread | epoch 149 dev st2 per-label F1: apps=0.753, creator_community=0.557, education=0.593, fashion=0.558, financial=0.789, food=0.821, gambling=0.800, gambling_adjacent=0.467, hardware_electronics=0.814, health=0.863, other=0.467, toys=0.375
2026-08-12 21:10:51,593 | INFO | MainThread | epoch 149 dev st3 per-label F1: age_restricted_or_prohibited_product=0.593, direct_exhortation=0.140, hfss_food_marketing=0.444, inadequate_disclosure=0.250, insufficient_context=0.526, misleading_claim=0.745, no_flag=0.530, undisclosed_advertising=0.609
2026-08-12 21:10:51,593 | INFO | MainThread | epoch 149 dev st3_family per-label F1: content=0.742, disclosure=0.578, housekeeping=0.543, product=0.556
2026-08-12 21:12:27,527 | INFO | MainThread | epoch 150: mean train loss = 0.0035
2026-08-12 21:12:36,316 | INFO | MainThread | epoch 150 dev metrics (tuned thresholds): st1_macro_f1=0.679, st2_macro_f1=0.640, st3_macro_f1=0.489, st3_family_macro_f1=0.621, mean_macro_f1=0.603
2026-08-12 21:12:36,316 | INFO | MainThread | epoch 150 dev st1 per-label F1: digital_content_or_services=0.863, none=0.235, physical_goods=0.852, physical_services=0.766
2026-08-12 21:12:36,316 | INFO | MainThread | epoch 150 dev st2 per-label F1: apps=0.755, creator_community=0.500, education=0.593, fashion=0.580, financial=0.750, food=0.821, gambling=0.800, gambling_adjacent=0.421, hardware_electronics=0.803, health=0.851, other=0.471, toys=0.333
2026-08-12 21:12:36,317 | INFO | MainThread | epoch 150 dev st3 per-label F1: age_restricted_or_prohibited_product=0.615, direct_exhortation=0.192, hfss_food_marketing=0.462, inadequate_disclosure=0.289, insufficient_context=0.471, misleading_claim=0.749, no_flag=0.571, undisclosed_advertising=0.559
2026-08-12 21:12:36,317 | INFO | MainThread | epoch 150 dev st3_family per-label F1: content=0.738, disclosure=0.609, housekeeping=0.572, product=0.564
2026-08-12 21:14:12,253 | INFO | MainThread | epoch 151: mean train loss = 0.0014
2026-08-12 21:14:21,236 | INFO | MainThread | epoch 151 dev metrics (tuned thresholds): st1_macro_f1=0.682, st2_macro_f1=0.634, st3_macro_f1=0.482, st3_family_macro_f1=0.623, mean_macro_f1=0.599
2026-08-12 21:14:21,237 | INFO | MainThread | epoch 151 dev st1 per-label F1: digital_content_or_services=0.864, none=0.261, physical_goods=0.851, physical_services=0.750
2026-08-12 21:14:21,237 | INFO | MainThread | epoch 151 dev st2 per-label F1: apps=0.747, creator_community=0.548, education=0.615, fashion=0.558, financial=0.732, food=0.825, gambling=0.727, gambling_adjacent=0.424, hardware_electronics=0.802, health=0.843, other=0.459, toys=0.333
2026-08-12 21:14:21,237 | INFO | MainThread | epoch 151 dev st3 per-label F1: age_restricted_or_prohibited_product=0.593, direct_exhortation=0.160, hfss_food_marketing=0.500, inadequate_disclosure=0.232, insufficient_context=0.476, misleading_claim=0.752, no_flag=0.553, undisclosed_advertising=0.590
2026-08-12 21:14:21,237 | INFO | MainThread | epoch 151 dev st3_family per-label F1: content=0.742, disclosure=0.613, housekeeping=0.567, product=0.571
2026-08-12 21:15:57,325 | INFO | MainThread | epoch 152: mean train loss = 0.0021
2026-08-12 21:16:06,125 | INFO | MainThread | epoch 152 dev metrics (tuned thresholds): st1_macro_f1=0.698, st2_macro_f1=0.637, st3_macro_f1=0.489, st3_family_macro_f1=0.608, mean_macro_f1=0.608
2026-08-12 21:16:06,125 | INFO | MainThread | epoch 152 dev st1 per-label F1: digital_content_or_services=0.863, none=0.333, physical_goods=0.857, physical_services=0.739
2026-08-12 21:16:06,125 | INFO | MainThread | epoch 152 dev st2 per-label F1: apps=0.757, creator_community=0.510, education=0.593, fashion=0.593, financial=0.769, food=0.825, gambling=0.800, gambling_adjacent=0.444, hardware_electronics=0.807, health=0.800, other=0.437, toys=0.316
2026-08-12 21:16:06,125 | INFO | MainThread | epoch 152 dev st3 per-label F1: age_restricted_or_prohibited_product=0.522, direct_exhortation=0.211, hfss_food_marketing=0.571, inadequate_disclosure=0.262, insufficient_context=0.455, misleading_claim=0.762, no_flag=0.551, undisclosed_advertising=0.578
2026-08-12 21:16:06,126 | INFO | MainThread | epoch 152 dev st3_family per-label F1: content=0.754, disclosure=0.585, housekeeping=0.558, product=0.533
2026-08-12 21:17:42,214 | INFO | MainThread | epoch 153: mean train loss = 0.0008
2026-08-12 21:17:51,148 | INFO | MainThread | epoch 153 dev metrics (tuned thresholds): st1_macro_f1=0.707, st2_macro_f1=0.640, st3_macro_f1=0.460, st3_family_macro_f1=0.611, mean_macro_f1=0.602
2026-08-12 21:17:51,148 | INFO | MainThread | epoch 153 dev st1 per-label F1: digital_content_or_services=0.871, none=0.400, physical_goods=0.848, physical_services=0.708
2026-08-12 21:17:51,149 | INFO | MainThread | epoch 153 dev st2 per-label F1: apps=0.751, creator_community=0.532, education=0.593, fashion=0.571, financial=0.750, food=0.826, gambling=0.800, gambling_adjacent=0.452, hardware_electronics=0.795, health=0.827, other=0.473, toys=0.316
2026-08-12 21:17:51,149 | INFO | MainThread | epoch 153 dev st3 per-label F1: age_restricted_or_prohibited_product=0.571, direct_exhortation=0.172, hfss_food_marketing=0.444, inadequate_disclosure=0.263, insufficient_context=0.345, misleading_claim=0.760, no_flag=0.555, undisclosed_advertising=0.567
2026-08-12 21:17:51,149 | INFO | MainThread | epoch 153 dev st3_family per-label F1: content=0.749, disclosure=0.582, housekeeping=0.574, product=0.541
2026-08-12 21:19:27,111 | INFO | MainThread | epoch 154: mean train loss = 0.0054
2026-08-12 21:19:35,910 | INFO | MainThread | epoch 154 dev metrics (tuned thresholds): st1_macro_f1=0.630, st2_macro_f1=0.644, st3_macro_f1=0.473, st3_family_macro_f1=0.614, mean_macro_f1=0.582
2026-08-12 21:19:35,911 | INFO | MainThread | epoch 154 dev st1 per-label F1: digital_content_or_services=0.862, none=0.125, physical_goods=0.853, physical_services=0.680
2026-08-12 21:19:35,911 | INFO | MainThread | epoch 154 dev st2 per-label F1: apps=0.746, creator_community=0.559, education=0.615, fashion=0.554, financial=0.750, food=0.826, gambling=0.800, gambling_adjacent=0.467, hardware_electronics=0.802, health=0.835, other=0.470, toys=0.300
2026-08-12 21:19:35,911 | INFO | MainThread | epoch 154 dev st3 per-label F1: age_restricted_or_prohibited_product=0.560, direct_exhortation=0.177, hfss_food_marketing=0.500, inadequate_disclosure=0.253, insufficient_context=0.370, misleading_claim=0.756, no_flag=0.560, undisclosed_advertising=0.606
2026-08-12 21:19:35,911 | INFO | MainThread | epoch 154 dev st3_family per-label F1: content=0.754, disclosure=0.588, housekeeping=0.570, product=0.545
2026-08-12 21:21:11,892 | INFO | MainThread | epoch 155: mean train loss = 0.0017
2026-08-12 21:21:20,810 | INFO | MainThread | epoch 155 dev metrics (tuned thresholds): st1_macro_f1=0.688, st2_macro_f1=0.636, st3_macro_f1=0.479, st3_family_macro_f1=0.614, mean_macro_f1=0.601
2026-08-12 21:21:20,810 | INFO | MainThread | epoch 155 dev st1 per-label F1: digital_content_or_services=0.873, none=0.235, physical_goods=0.862, physical_services=0.783
2026-08-12 21:21:20,812 | INFO | MainThread | epoch 155 dev st2 per-label F1: apps=0.745, creator_community=0.517, education=0.571, fashion=0.574, financial=0.750, food=0.845, gambling=0.800, gambling_adjacent=0.400, hardware_electronics=0.797, health=0.843, other=0.462, toys=0.333
2026-08-12 21:21:20,812 | INFO | MainThread | epoch 155 dev st3 per-label F1: age_restricted_or_prohibited_product=0.560, direct_exhortation=0.182, hfss_food_marketing=0.500, inadequate_disclosure=0.264, insufficient_context=0.455, misleading_claim=0.758, no_flag=0.552, undisclosed_advertising=0.559
2026-08-12 21:21:20,812 | INFO | MainThread | epoch 155 dev st3_family per-label F1: content=0.751, disclosure=0.595, housekeeping=0.565, product=0.545
2026-08-12 21:22:56,885 | INFO | MainThread | epoch 156: mean train loss = 0.0012
2026-08-12 21:23:05,714 | INFO | MainThread | epoch 156 dev metrics (tuned thresholds): st1_macro_f1=0.695, st2_macro_f1=0.634, st3_macro_f1=0.484, st3_family_macro_f1=0.610, mean_macro_f1=0.604
2026-08-12 21:23:05,714 | INFO | MainThread | epoch 156 dev st1 per-label F1: digital_content_or_services=0.867, none=0.333, physical_goods=0.855, physical_services=0.723
2026-08-12 21:23:05,714 | INFO | MainThread | epoch 156 dev st2 per-label F1: apps=0.749, creator_community=0.504, education=0.615, fashion=0.545, financial=0.732, food=0.825, gambling=0.727, gambling_adjacent=0.455, hardware_electronics=0.814, health=0.835, other=0.460, toys=0.353
2026-08-12 21:23:05,714 | INFO | MainThread | epoch 156 dev st3 per-label F1: age_restricted_or_prohibited_product=0.593, direct_exhortation=0.177, hfss_food_marketing=0.444, inadequate_disclosure=0.220, insufficient_context=0.526, misleading_claim=0.751, no_flag=0.571, undisclosed_advertising=0.593
2026-08-12 21:23:05,714 | INFO | MainThread | epoch 156 dev st3_family per-label F1: content=0.743, disclosure=0.562, housekeeping=0.580, product=0.556
2026-08-12 21:24:41,520 | INFO | MainThread | epoch 157: mean train loss = 0.0009
2026-08-12 21:24:50,472 | INFO | MainThread | epoch 157 dev metrics (tuned thresholds): st1_macro_f1=0.674, st2_macro_f1=0.647, st3_macro_f1=0.466, st3_family_macro_f1=0.598, mean_macro_f1=0.596
2026-08-12 21:24:50,472 | INFO | MainThread | epoch 157 dev st1 per-label F1: digital_content_or_services=0.868, none=0.235, physical_goods=0.854, physical_services=0.739
2026-08-12 21:24:50,473 | INFO | MainThread | epoch 157 dev st2 per-label F1: apps=0.741, creator_community=0.535, education=0.615, fashion=0.571, financial=0.750, food=0.833, gambling=0.727, gambling_adjacent=0.478, hardware_electronics=0.817, health=0.843, other=0.470, toys=0.381
2026-08-12 21:24:50,473 | INFO | MainThread | epoch 157 dev st3 per-label F1: age_restricted_or_prohibited_product=0.538, direct_exhortation=0.175, hfss_food_marketing=0.500, inadequate_disclosure=0.237, insufficient_context=0.400, misleading_claim=0.742, no_flag=0.552, undisclosed_advertising=0.582
2026-08-12 21:24:50,473 | INFO | MainThread | epoch 157 dev st3_family per-label F1: content=0.732, disclosure=0.579, housekeeping=0.553, product=0.529
2026-08-12 21:26:26,415 | INFO | MainThread | epoch 158: mean train loss = 0.0006
2026-08-12 21:26:35,247 | INFO | MainThread | epoch 158 dev metrics (tuned thresholds): st1_macro_f1=0.632, st2_macro_f1=0.640, st3_macro_f1=0.475, st3_family_macro_f1=0.612, mean_macro_f1=0.582
2026-08-12 21:26:35,248 | INFO | MainThread | epoch 158 dev st1 per-label F1: digital_content_or_services=0.861, none=0.118, physical_goods=0.854, physical_services=0.694
2026-08-12 21:26:35,248 | INFO | MainThread | epoch 158 dev st2 per-label F1: apps=0.750, creator_community=0.510, education=0.593, fashion=0.571, financial=0.750, food=0.828, gambling=0.727, gambling_adjacent=0.452, hardware_electronics=0.810, health=0.851, other=0.471, toys=0.364
2026-08-12 21:26:35,248 | INFO | MainThread | epoch 158 dev st3 per-label F1: age_restricted_or_prohibited_product=0.522, direct_exhortation=0.192, hfss_food_marketing=0.500, inadequate_disclosure=0.260, insufficient_context=0.435, misleading_claim=0.762, no_flag=0.545, undisclosed_advertising=0.586
2026-08-12 21:26:35,248 | INFO | MainThread | epoch 158 dev st3_family per-label F1: content=0.762, disclosure=0.592, housekeeping=0.577, product=0.516
2026-08-12 21:28:11,177 | INFO | MainThread | epoch 159: mean train loss = 0.0010
2026-08-12 21:28:20,078 | INFO | MainThread | epoch 159 dev metrics (tuned thresholds): st1_macro_f1=0.665, st2_macro_f1=0.644, st3_macro_f1=0.468, st3_family_macro_f1=0.608, mean_macro_f1=0.593
2026-08-12 21:28:20,078 | INFO | MainThread | epoch 159 dev st1 per-label F1: digital_content_or_services=0.865, none=0.235, physical_goods=0.852, physical_services=0.708
2026-08-12 21:28:20,079 | INFO | MainThread | epoch 159 dev st2 per-label F1: apps=0.753, creator_community=0.522, education=0.593, fashion=0.574, financial=0.732, food=0.825, gambling=0.727, gambling_adjacent=0.513, hardware_electronics=0.803, health=0.843, other=0.469, toys=0.381
2026-08-12 21:28:20,079 | INFO | MainThread | epoch 159 dev st3 per-label F1: age_restricted_or_prohibited_product=0.538, direct_exhortation=0.195, hfss_food_marketing=0.500, inadequate_disclosure=0.249, insufficient_context=0.364, misleading_claim=0.753, no_flag=0.560, undisclosed_advertising=0.585
2026-08-12 21:28:20,079 | INFO | MainThread | epoch 159 dev st3_family per-label F1: content=0.744, disclosure=0.601, housekeeping=0.559, product=0.529
2026-08-12 21:29:56,155 | INFO | MainThread | epoch 160: mean train loss = 0.0006
2026-08-12 21:30:04,925 | INFO | MainThread | epoch 160 dev metrics (tuned thresholds): st1_macro_f1=0.691, st2_macro_f1=0.637, st3_macro_f1=0.479, st3_family_macro_f1=0.619, mean_macro_f1=0.602
2026-08-12 21:30:04,925 | INFO | MainThread | epoch 160 dev st1 per-label F1: digital_content_or_services=0.867, none=0.316, physical_goods=0.856, physical_services=0.723
2026-08-12 21:30:04,925 | INFO | MainThread | epoch 160 dev st2 per-label F1: apps=0.746, creator_community=0.512, education=0.593, fashion=0.577, financial=0.732, food=0.833, gambling=0.727, gambling_adjacent=0.452, hardware_electronics=0.815, health=0.835, other=0.447, toys=0.381
2026-08-12 21:30:04,926 | INFO | MainThread | epoch 160 dev st3 per-label F1: age_restricted_or_prohibited_product=0.560, direct_exhortation=0.179, hfss_food_marketing=0.500, inadequate_disclosure=0.260, insufficient_context=0.476, misleading_claim=0.759, no_flag=0.541, undisclosed_advertising=0.556
2026-08-12 21:30:04,926 | INFO | MainThread | epoch 160 dev st3_family per-label F1: content=0.756, disclosure=0.618, housekeeping=0.557, product=0.545
2026-08-12 21:31:40,879 | INFO | MainThread | epoch 161: mean train loss = 0.0019
2026-08-12 21:31:49,752 | INFO | MainThread | epoch 161 dev metrics (tuned thresholds): st1_macro_f1=0.603, st2_macro_f1=0.650, st3_macro_f1=0.444, st3_family_macro_f1=0.604, mean_macro_f1=0.566
2026-08-12 21:31:49,752 | INFO | MainThread | epoch 161 dev st1 per-label F1: digital_content_or_services=0.863, none=0.000, physical_goods=0.856, physical_services=0.694
2026-08-12 21:31:49,752 | INFO | MainThread | epoch 161 dev st2 per-label F1: apps=0.749, creator_community=0.520, education=0.615, fashion=0.579, financial=0.780, food=0.837, gambling=0.800, gambling_adjacent=0.462, hardware_electronics=0.810, health=0.843, other=0.474, toys=0.333
2026-08-12 21:31:49,752 | INFO | MainThread | epoch 161 dev st3 per-label F1: age_restricted_or_prohibited_product=0.545, direct_exhortation=0.151, hfss_food_marketing=0.500, inadequate_disclosure=0.243, insufficient_context=0.267, misleading_claim=0.761, no_flag=0.548, undisclosed_advertising=0.540
2026-08-12 21:31:49,752 | INFO | MainThread | epoch 161 dev st3_family per-label F1: content=0.754, disclosure=0.575, housekeeping=0.553, product=0.533
2026-08-12 21:33:25,687 | INFO | MainThread | epoch 162: mean train loss = 0.0005
2026-08-12 21:33:34,451 | INFO | MainThread | epoch 162 dev metrics (tuned thresholds): st1_macro_f1=0.612, st2_macro_f1=0.648, st3_macro_f1=0.464, st3_family_macro_f1=0.616, mean_macro_f1=0.575
2026-08-12 21:33:34,451 | INFO | MainThread | epoch 162 dev st1 per-label F1: digital_content_or_services=0.867, none=0.000, physical_goods=0.857, physical_services=0.723
2026-08-12 21:33:34,452 | INFO | MainThread | epoch 162 dev st2 per-label F1: apps=0.751, creator_community=0.529, education=0.593, fashion=0.574, financial=0.732, food=0.842, gambling=0.800, gambling_adjacent=0.488, hardware_electronics=0.810, health=0.848, other=0.442, toys=0.364
2026-08-12 21:33:34,452 | INFO | MainThread | epoch 162 dev st3 per-label F1: age_restricted_or_prohibited_product=0.583, direct_exhortation=0.160, hfss_food_marketing=0.500, inadequate_disclosure=0.267, insufficient_context=0.364, misleading_claim=0.766, no_flag=0.549, undisclosed_advertising=0.524
2026-08-12 21:33:34,452 | INFO | MainThread | epoch 162 dev st3_family per-label F1: content=0.757, disclosure=0.577, housekeeping=0.569, product=0.562
2026-08-12 21:35:10,404 | INFO | MainThread | epoch 163: mean train loss = 0.0010
2026-08-12 21:35:19,243 | INFO | MainThread | epoch 163 dev metrics (tuned thresholds): st1_macro_f1=0.711, st2_macro_f1=0.649, st3_macro_f1=0.478, st3_family_macro_f1=0.609, mean_macro_f1=0.613
2026-08-12 21:35:19,243 | INFO | MainThread | epoch 163 dev st1 per-label F1: digital_content_or_services=0.865, none=0.400, physical_goods=0.856, physical_services=0.723
2026-08-12 21:35:19,243 | INFO | MainThread | epoch 163 dev st2 per-label F1: apps=0.747, creator_community=0.560, education=0.615, fashion=0.583, financial=0.750, food=0.833, gambling=0.800, gambling_adjacent=0.437, hardware_electronics=0.818, health=0.835, other=0.449, toys=0.364
2026-08-12 21:35:19,243 | INFO | MainThread | epoch 163 dev st3 per-label F1: age_restricted_or_prohibited_product=0.545, direct_exhortation=0.186, hfss_food_marketing=0.500, inadequate_disclosure=0.277, insufficient_context=0.455, misleading_claim=0.756, no_flag=0.556, undisclosed_advertising=0.548
2026-08-12 21:35:19,243 | INFO | MainThread | epoch 163 dev st3_family per-label F1: content=0.742, disclosure=0.591, housekeeping=0.569, product=0.533
2026-08-12 21:36:55,408 | INFO | MainThread | epoch 164: mean train loss = 0.0011
2026-08-12 21:37:04,209 | INFO | MainThread | epoch 164 dev metrics (tuned thresholds): st1_macro_f1=0.641, st2_macro_f1=0.642, st3_macro_f1=0.471, st3_family_macro_f1=0.608, mean_macro_f1=0.585
2026-08-12 21:37:04,209 | INFO | MainThread | epoch 164 dev st1 per-label F1: digital_content_or_services=0.860, none=0.125, physical_goods=0.854, physical_services=0.723
2026-08-12 21:37:04,209 | INFO | MainThread | epoch 164 dev st2 per-label F1: apps=0.760, creator_community=0.528, education=0.615, fashion=0.590, financial=0.750, food=0.845, gambling=0.727, gambling_adjacent=0.450, hardware_electronics=0.812, health=0.819, other=0.474, toys=0.333
2026-08-12 21:37:04,209 | INFO | MainThread | epoch 164 dev st3 per-label F1: age_restricted_or_prohibited_product=0.545, direct_exhortation=0.161, hfss_food_marketing=0.500, inadequate_disclosure=0.249, insufficient_context=0.417, misleading_claim=0.765, no_flag=0.551, undisclosed_advertising=0.583
2026-08-12 21:37:04,209 | INFO | MainThread | epoch 164 dev st3_family per-label F1: content=0.748, disclosure=0.584, housekeeping=0.567, product=0.533
2026-08-12 21:38:40,167 | INFO | MainThread | epoch 165: mean train loss = 0.0010
2026-08-12 21:38:48,885 | INFO | MainThread | epoch 165 dev metrics (tuned thresholds): st1_macro_f1=0.643, st2_macro_f1=0.641, st3_macro_f1=0.467, st3_family_macro_f1=0.613, mean_macro_f1=0.583
2026-08-12 21:38:48,885 | INFO | MainThread | epoch 165 dev st1 per-label F1: digital_content_or_services=0.862, none=0.125, physical_goods=0.861, physical_services=0.723
2026-08-12 21:38:48,885 | INFO | MainThread | epoch 165 dev st2 per-label F1: apps=0.751, creator_community=0.525, education=0.615, fashion=0.571, financial=0.750, food=0.830, gambling=0.727, gambling_adjacent=0.450, hardware_electronics=0.817, health=0.819, other=0.454, toys=0.381
2026-08-12 21:38:48,886 | INFO | MainThread | epoch 165 dev st3 per-label F1: age_restricted_or_prohibited_product=0.522, direct_exhortation=0.165, hfss_food_marketing=0.500, inadequate_disclosure=0.276, insufficient_context=0.357, misleading_claim=0.758, no_flag=0.549, undisclosed_advertising=0.607
2026-08-12 21:38:48,886 | INFO | MainThread | epoch 165 dev st3_family per-label F1: content=0.758, disclosure=0.605, housekeeping=0.571, product=0.516
2026-08-12 21:40:24,936 | INFO | MainThread | epoch 166: mean train loss = 0.0006
2026-08-12 21:40:33,727 | INFO | MainThread | epoch 166 dev metrics (tuned thresholds): st1_macro_f1=0.651, st2_macro_f1=0.649, st3_macro_f1=0.470, st3_family_macro_f1=0.600, mean_macro_f1=0.590
2026-08-12 21:40:33,727 | INFO | MainThread | epoch 166 dev st1 per-label F1: digital_content_or_services=0.878, none=0.118, physical_goods=0.870, physical_services=0.739
2026-08-12 21:40:33,727 | INFO | MainThread | epoch 166 dev st2 per-label F1: apps=0.769, creator_community=0.506, education=0.615, fashion=0.594, financial=0.750, food=0.837, gambling=0.727, gambling_adjacent=0.488, hardware_electronics=0.808, health=0.843, other=0.464, toys=0.381
2026-08-12 21:40:33,727 | INFO | MainThread | epoch 166 dev st3 per-label F1: age_restricted_or_prohibited_product=0.545, direct_exhortation=0.182, hfss_food_marketing=0.429, inadequate_disclosure=0.302, insufficient_context=0.476, misleading_claim=0.751, no_flag=0.538, undisclosed_advertising=0.535
2026-08-12 21:40:33,727 | INFO | MainThread | epoch 166 dev st3_family per-label F1: content=0.747, disclosure=0.591, housekeeping=0.560, product=0.500
2026-08-12 21:42:09,650 | INFO | MainThread | epoch 167: mean train loss = 0.0007
2026-08-12 21:42:18,398 | INFO | MainThread | epoch 167 dev metrics (tuned thresholds): st1_macro_f1=0.609, st2_macro_f1=0.647, st3_macro_f1=0.444, st3_family_macro_f1=0.621, mean_macro_f1=0.566
2026-08-12 21:42:18,398 | INFO | MainThread | epoch 167 dev st1 per-label F1: digital_content_or_services=0.870, none=0.000, physical_goods=0.854, physical_services=0.711
2026-08-12 21:42:18,398 | INFO | MainThread | epoch 167 dev st2 per-label F1: apps=0.746, creator_community=0.500, education=0.615, fashion=0.580, financial=0.714, food=0.845, gambling=0.800, gambling_adjacent=0.489, hardware_electronics=0.824, health=0.835, other=0.452, toys=0.364
2026-08-12 21:42:18,398 | INFO | MainThread | epoch 167 dev st3 per-label F1: age_restricted_or_prohibited_product=0.522, direct_exhortation=0.175, hfss_food_marketing=0.400, inadequate_disclosure=0.273, insufficient_context=0.303, misleading_claim=0.772, no_flag=0.546, undisclosed_advertising=0.559
2026-08-12 21:42:18,398 | INFO | MainThread | epoch 167 dev st3_family per-label F1: content=0.769, disclosure=0.607, housekeeping=0.567, product=0.541
2026-08-12 21:43:54,611 | INFO | MainThread | epoch 168: mean train loss = 0.0008
2026-08-12 21:44:03,454 | INFO | MainThread | epoch 168 dev metrics (tuned thresholds): st1_macro_f1=0.695, st2_macro_f1=0.643, st3_macro_f1=0.462, st3_family_macro_f1=0.609, mean_macro_f1=0.600
2026-08-12 21:44:03,455 | INFO | MainThread | epoch 168 dev st1 per-label F1: digital_content_or_services=0.867, none=0.333, physical_goods=0.853, physical_services=0.727
2026-08-12 21:44:03,455 | INFO | MainThread | epoch 168 dev st2 per-label F1: apps=0.746, creator_community=0.510, education=0.615, fashion=0.559, financial=0.732, food=0.830, gambling=0.800, gambling_adjacent=0.476, hardware_electronics=0.798, health=0.827, other=0.469, toys=0.353
2026-08-12 21:44:03,455 | INFO | MainThread | epoch 168 dev st3 per-label F1: age_restricted_or_prohibited_product=0.545, direct_exhortation=0.194, hfss_food_marketing=0.400, inadequate_disclosure=0.271, insufficient_context=0.381, misleading_claim=0.763, no_flag=0.567, undisclosed_advertising=0.574
2026-08-12 21:44:03,455 | INFO | MainThread | epoch 168 dev st3_family per-label F1: content=0.749, disclosure=0.606, housekeeping=0.580, product=0.500
2026-08-12 21:45:39,392 | INFO | MainThread | epoch 169: mean train loss = 0.0008
2026-08-12 21:45:48,078 | INFO | MainThread | epoch 169 dev metrics (tuned thresholds): st1_macro_f1=0.682, st2_macro_f1=0.646, st3_macro_f1=0.468, st3_family_macro_f1=0.607, mean_macro_f1=0.599
2026-08-12 21:45:48,078 | INFO | MainThread | epoch 169 dev st1 per-label F1: digital_content_or_services=0.867, none=0.235, physical_goods=0.861, physical_services=0.766
2026-08-12 21:45:48,078 | INFO | MainThread | epoch 169 dev st2 per-label F1: apps=0.742, creator_community=0.505, education=0.615, fashion=0.583, financial=0.750, food=0.837, gambling=0.727, gambling_adjacent=0.474, hardware_electronics=0.814, health=0.835, other=0.444, toys=0.421
2026-08-12 21:45:48,078 | INFO | MainThread | epoch 169 dev st3 per-label F1: age_restricted_or_prohibited_product=0.560, direct_exhortation=0.200, hfss_food_marketing=0.400, inadequate_disclosure=0.272, insufficient_context=0.476, misleading_claim=0.753, no_flag=0.537, undisclosed_advertising=0.543
2026-08-12 21:45:48,078 | INFO | MainThread | epoch 169 dev st3_family per-label F1: content=0.750, disclosure=0.592, housekeeping=0.560, product=0.526
2026-08-12 21:47:24,191 | INFO | MainThread | epoch 170: mean train loss = 0.0004
2026-08-12 21:47:33,026 | INFO | MainThread | epoch 170 dev metrics (tuned thresholds): st1_macro_f1=0.688, st2_macro_f1=0.647, st3_macro_f1=0.463, st3_family_macro_f1=0.615, mean_macro_f1=0.599
2026-08-12 21:47:33,027 | INFO | MainThread | epoch 170 dev st1 per-label F1: digital_content_or_services=0.871, none=0.235, physical_goods=0.864, physical_services=0.783
2026-08-12 21:47:33,027 | INFO | MainThread | epoch 170 dev st2 per-label F1: apps=0.757, creator_community=0.495, education=0.615, fashion=0.583, financial=0.750, food=0.825, gambling=0.727, gambling_adjacent=0.513, hardware_electronics=0.817, health=0.835, other=0.444, toys=0.400
2026-08-12 21:47:33,027 | INFO | MainThread | epoch 170 dev st3 per-label F1: age_restricted_or_prohibited_product=0.583, direct_exhortation=0.157, hfss_food_marketing=0.444, inadequate_disclosure=0.271, insufficient_context=0.370, misleading_claim=0.768, no_flag=0.554, undisclosed_advertising=0.556
2026-08-12 21:47:33,027 | INFO | MainThread | epoch 170 dev st3_family per-label F1: content=0.766, disclosure=0.586, housekeeping=0.564, product=0.545
2026-08-12 21:49:08,945 | INFO | MainThread | epoch 171: mean train loss = 0.0010
2026-08-12 21:49:17,719 | INFO | MainThread | epoch 171 dev metrics (tuned thresholds): st1_macro_f1=0.703, st2_macro_f1=0.643, st3_macro_f1=0.465, st3_family_macro_f1=0.610, mean_macro_f1=0.604
2026-08-12 21:49:17,719 | INFO | MainThread | epoch 171 dev st1 per-label F1: digital_content_or_services=0.876, none=0.333, physical_goods=0.864, physical_services=0.739
2026-08-12 21:49:17,719 | INFO | MainThread | epoch 171 dev st2 per-label F1: apps=0.763, creator_community=0.489, education=0.593, fashion=0.583, financial=0.750, food=0.828, gambling=0.727, gambling_adjacent=0.488, hardware_electronics=0.822, health=0.819, other=0.451, toys=0.400
2026-08-12 21:49:17,719 | INFO | MainThread | epoch 171 dev st3 per-label F1: age_restricted_or_prohibited_product=0.560, direct_exhortation=0.173, hfss_food_marketing=0.444, inadequate_disclosure=0.270, insufficient_context=0.370, misleading_claim=0.765, no_flag=0.559, undisclosed_advertising=0.576
2026-08-12 21:49:17,719 | INFO | MainThread | epoch 171 dev st3_family per-label F1: content=0.753, disclosure=0.588, housekeeping=0.569, product=0.529
2026-08-12 21:50:53,641 | INFO | MainThread | epoch 172: mean train loss = 0.0008
2026-08-12 21:51:02,347 | INFO | MainThread | epoch 172 dev metrics (tuned thresholds): st1_macro_f1=0.706, st2_macro_f1=0.644, st3_macro_f1=0.475, st3_family_macro_f1=0.607, mean_macro_f1=0.609
2026-08-12 21:51:02,347 | INFO | MainThread | epoch 172 dev st1 per-label F1: digital_content_or_services=0.884, none=0.333, physical_goods=0.870, physical_services=0.739
2026-08-12 21:51:02,347 | INFO | MainThread | epoch 172 dev st2 per-label F1: apps=0.753, creator_community=0.495, education=0.615, fashion=0.571, financial=0.750, food=0.837, gambling=0.727, gambling_adjacent=0.512, hardware_electronics=0.819, health=0.838, other=0.458, toys=0.353
2026-08-12 21:51:02,347 | INFO | MainThread | epoch 172 dev st3 per-label F1: age_restricted_or_prohibited_product=0.560, direct_exhortation=0.175, hfss_food_marketing=0.444, inadequate_disclosure=0.256, insufficient_context=0.476, misleading_claim=0.764, no_flag=0.545, undisclosed_advertising=0.582
2026-08-12 21:51:02,347 | INFO | MainThread | epoch 172 dev st3_family per-label F1: content=0.756, disclosure=0.584, housekeeping=0.561, product=0.529
2026-08-12 21:52:38,352 | INFO | MainThread | epoch 173: mean train loss = 0.0004
2026-08-12 21:52:47,114 | INFO | MainThread | epoch 173 dev metrics (tuned thresholds): st1_macro_f1=0.696, st2_macro_f1=0.640, st3_macro_f1=0.479, st3_family_macro_f1=0.600, mean_macro_f1=0.605
2026-08-12 21:52:47,114 | INFO | MainThread | epoch 173 dev st1 per-label F1: digital_content_or_services=0.870, none=0.316, physical_goods=0.860, physical_services=0.739
2026-08-12 21:52:47,115 | INFO | MainThread | epoch 173 dev st2 per-label F1: apps=0.755, creator_community=0.519, education=0.615, fashion=0.583, financial=0.750, food=0.833, gambling=0.727, gambling_adjacent=0.437, hardware_electronics=0.815, health=0.843, other=0.452, toys=0.353
2026-08-12 21:52:47,115 | INFO | MainThread | epoch 173 dev st3 per-label F1: age_restricted_or_prohibited_product=0.560, direct_exhortation=0.158, hfss_food_marketing=0.400, inadequate_disclosure=0.265, insufficient_context=0.556, misleading_claim=0.746, no_flag=0.548, undisclosed_advertising=0.603
2026-08-12 21:52:47,115 | INFO | MainThread | epoch 173 dev st3_family per-label F1: content=0.732, disclosure=0.594, housekeeping=0.561, product=0.514
2026-08-12 21:54:22,904 | INFO | MainThread | epoch 174: mean train loss = 0.0003
2026-08-12 21:54:31,859 | INFO | MainThread | epoch 174 dev metrics (tuned thresholds): st1_macro_f1=0.649, st2_macro_f1=0.646, st3_macro_f1=0.471, st3_family_macro_f1=0.606, mean_macro_f1=0.589
2026-08-12 21:54:31,859 | INFO | MainThread | epoch 174 dev st1 per-label F1: digital_content_or_services=0.873, none=0.125, physical_goods=0.860, physical_services=0.739
2026-08-12 21:54:31,859 | INFO | MainThread | epoch 174 dev st2 per-label F1: apps=0.758, creator_community=0.535, education=0.615, fashion=0.583, financial=0.750, food=0.845, gambling=0.727, gambling_adjacent=0.462, hardware_electronics=0.812, health=0.843, other=0.443, toys=0.375
2026-08-12 21:54:31,860 | INFO | MainThread | epoch 174 dev st3 per-label F1: age_restricted_or_prohibited_product=0.560, direct_exhortation=0.163, hfss_food_marketing=0.444, inadequate_disclosure=0.258, insufficient_context=0.435, misleading_claim=0.758, no_flag=0.552, undisclosed_advertising=0.597
2026-08-12 21:54:31,860 | INFO | MainThread | epoch 174 dev st3_family per-label F1: content=0.749, disclosure=0.583, housekeeping=0.563, product=0.529
2026-08-12 21:56:07,753 | INFO | MainThread | epoch 175: mean train loss = 0.0003
2026-08-12 21:56:16,420 | INFO | MainThread | epoch 175 dev metrics (tuned thresholds): st1_macro_f1=0.645, st2_macro_f1=0.651, st3_macro_f1=0.468, st3_family_macro_f1=0.603, mean_macro_f1=0.588
2026-08-12 21:56:16,420 | INFO | MainThread | epoch 175 dev st1 per-label F1: digital_content_or_services=0.871, none=0.125, physical_goods=0.860, physical_services=0.723
2026-08-12 21:56:16,420 | INFO | MainThread | epoch 175 dev st2 per-label F1: apps=0.751, creator_community=0.525, education=0.615, fashion=0.588, financial=0.769, food=0.837, gambling=0.800, gambling_adjacent=0.467, hardware_electronics=0.810, health=0.851, other=0.442, toys=0.353
2026-08-12 21:56:16,421 | INFO | MainThread | epoch 175 dev st3 per-label F1: age_restricted_or_prohibited_product=0.560, direct_exhortation=0.157, hfss_food_marketing=0.429, inadequate_disclosure=0.273, insufficient_context=0.435, misleading_claim=0.766, no_flag=0.540, undisclosed_advertising=0.582
2026-08-12 21:56:16,421 | INFO | MainThread | epoch 175 dev st3_family per-label F1: content=0.759, disclosure=0.582, housekeeping=0.545, product=0.526
2026-08-12 21:57:52,249 | INFO | MainThread | epoch 176: mean train loss = 0.0004
2026-08-12 21:58:01,245 | INFO | MainThread | epoch 176 dev metrics (tuned thresholds): st1_macro_f1=0.651, st2_macro_f1=0.641, st3_macro_f1=0.438, st3_family_macro_f1=0.608, mean_macro_f1=0.576
2026-08-12 21:58:01,245 | INFO | MainThread | epoch 176 dev st1 per-label F1: digital_content_or_services=0.869, none=0.125, physical_goods=0.860, physical_services=0.750
2026-08-12 21:58:01,246 | INFO | MainThread | epoch 176 dev st2 per-label F1: apps=0.759, creator_community=0.519, education=0.593, fashion=0.571, financial=0.750, food=0.833, gambling=0.727, gambling_adjacent=0.465, hardware_electronics=0.819, health=0.843, other=0.457, toys=0.353
2026-08-12 21:58:01,246 | INFO | MainThread | epoch 176 dev st3 per-label F1: age_restricted_or_prohibited_product=0.560, direct_exhortation=0.165, hfss_food_marketing=0.400, inadequate_disclosure=0.254, insufficient_context=0.222, misleading_claim=0.774, no_flag=0.544, undisclosed_advertising=0.581
2026-08-12 21:58:01,246 | INFO | MainThread | epoch 176 dev st3_family per-label F1: content=0.764, disclosure=0.598, housekeeping=0.545, product=0.526
2026-08-12 21:59:37,083 | INFO | MainThread | epoch 177: mean train loss = 0.0004
2026-08-12 21:59:45,846 | INFO | MainThread | epoch 177 dev metrics (tuned thresholds): st1_macro_f1=0.649, st2_macro_f1=0.653, st3_macro_f1=0.468, st3_family_macro_f1=0.607, mean_macro_f1=0.590
2026-08-12 21:59:45,846 | INFO | MainThread | epoch 177 dev st1 per-label F1: digital_content_or_services=0.870, none=0.125, physical_goods=0.864, physical_services=0.735
2026-08-12 21:59:45,846 | INFO | MainThread | epoch 177 dev st2 per-label F1: apps=0.751, creator_community=0.524, education=0.615, fashion=0.577, financial=0.750, food=0.833, gambling=0.800, gambling_adjacent=0.524, hardware_electronics=0.809, health=0.846, other=0.452, toys=0.353
2026-08-12 21:59:45,847 | INFO | MainThread | epoch 177 dev st3 per-label F1: age_restricted_or_prohibited_product=0.560, direct_exhortation=0.167, hfss_food_marketing=0.444, inadequate_disclosure=0.264, insufficient_context=0.400, misleading_claim=0.758, no_flag=0.563, undisclosed_advertising=0.584
2026-08-12 21:59:45,847 | INFO | MainThread | epoch 177 dev st3_family per-label F1: content=0.752, disclosure=0.581, housekeeping=0.565, product=0.529
2026-08-12 22:01:21,726 | INFO | MainThread | epoch 178: mean train loss = 0.0005
2026-08-12 22:01:30,790 | INFO | MainThread | epoch 178 dev metrics (tuned thresholds): st1_macro_f1=0.672, st2_macro_f1=0.657, st3_macro_f1=0.460, st3_family_macro_f1=0.610, mean_macro_f1=0.596
2026-08-12 22:01:30,790 | INFO | MainThread | epoch 178 dev st1 per-label F1: digital_content_or_services=0.877, none=0.222, physical_goods=0.866, physical_services=0.723
2026-08-12 22:01:30,790 | INFO | MainThread | epoch 178 dev st2 per-label F1: apps=0.768, creator_community=0.531, education=0.615, fashion=0.580, financial=0.750, food=0.833, gambling=0.800, gambling_adjacent=0.483, hardware_electronics=0.817, health=0.835, other=0.468, toys=0.400
2026-08-12 22:01:30,790 | INFO | MainThread | epoch 178 dev st3 per-label F1: age_restricted_or_prohibited_product=0.560, direct_exhortation=0.180, hfss_food_marketing=0.444, inadequate_disclosure=0.252, insufficient_context=0.348, misleading_claim=0.765, no_flag=0.532, undisclosed_advertising=0.601
2026-08-12 22:01:30,790 | INFO | MainThread | epoch 178 dev st3_family per-label F1: content=0.768, disclosure=0.590, housekeeping=0.552, product=0.529
2026-08-12 22:03:06,588 | INFO | MainThread | epoch 179: mean train loss = 0.0003
2026-08-12 22:03:15,401 | INFO | MainThread | epoch 179 dev metrics (tuned thresholds): st1_macro_f1=0.643, st2_macro_f1=0.649, st3_macro_f1=0.471, st3_family_macro_f1=0.599, mean_macro_f1=0.588
2026-08-12 22:03:15,402 | INFO | MainThread | epoch 179 dev st1 per-label F1: digital_content_or_services=0.877, none=0.125, physical_goods=0.864, physical_services=0.708
2026-08-12 22:03:15,402 | INFO | MainThread | epoch 179 dev st2 per-label F1: apps=0.759, creator_community=0.500, education=0.615, fashion=0.588, financial=0.750, food=0.851, gambling=0.727, gambling_adjacent=0.500, hardware_electronics=0.817, health=0.843, other=0.478, toys=0.364
2026-08-12 22:03:15,402 | INFO | MainThread | epoch 179 dev st3 per-label F1: age_restricted_or_prohibited_product=0.560, direct_exhortation=0.172, hfss_food_marketing=0.444, inadequate_disclosure=0.260, insufficient_context=0.444, misleading_claim=0.752, no_flag=0.538, undisclosed_advertising=0.599
2026-08-12 22:03:15,402 | INFO | MainThread | epoch 179 dev st3_family per-label F1: content=0.750, disclosure=0.568, housekeeping=0.546, product=0.529
2026-08-12 22:04:51,113 | INFO | MainThread | epoch 180: mean train loss = 0.0003
2026-08-12 22:05:00,050 | INFO | MainThread | epoch 180 dev metrics (tuned thresholds): st1_macro_f1=0.657, st2_macro_f1=0.650, st3_macro_f1=0.440, st3_family_macro_f1=0.603, mean_macro_f1=0.583
2026-08-12 22:05:00,050 | INFO | MainThread | epoch 180 dev st1 per-label F1: digital_content_or_services=0.875, none=0.125, physical_goods=0.864, physical_services=0.766
2026-08-12 22:05:00,050 | INFO | MainThread | epoch 180 dev st2 per-label F1: apps=0.765, creator_community=0.513, education=0.615, fashion=0.569, financial=0.750, food=0.845, gambling=0.727, gambling_adjacent=0.512, hardware_electronics=0.819, health=0.819, other=0.489, toys=0.381
2026-08-12 22:05:00,050 | INFO | MainThread | epoch 180 dev st3 per-label F1: age_restricted_or_prohibited_product=0.560, direct_exhortation=0.172, hfss_food_marketing=0.400, inadequate_disclosure=0.251, insufficient_context=0.235, misleading_claim=0.767, no_flag=0.545, undisclosed_advertising=0.588
2026-08-12 22:05:00,050 | INFO | MainThread | epoch 180 dev st3_family per-label F1: content=0.769, disclosure=0.571, housekeeping=0.557, product=0.514
2026-08-12 22:06:36,043 | INFO | MainThread | epoch 181: mean train loss = 0.0004
2026-08-12 22:06:44,838 | INFO | MainThread | epoch 181 dev metrics (tuned thresholds): st1_macro_f1=0.699, st2_macro_f1=0.651, st3_macro_f1=0.468, st3_family_macro_f1=0.602, mean_macro_f1=0.606
2026-08-12 22:06:44,838 | INFO | MainThread | epoch 181 dev st1 per-label F1: digital_content_or_services=0.875, none=0.333, physical_goods=0.863, physical_services=0.723
2026-08-12 22:06:44,838 | INFO | MainThread | epoch 181 dev st2 per-label F1: apps=0.764, creator_community=0.500, education=0.615, fashion=0.574, financial=0.750, food=0.845, gambling=0.727, gambling_adjacent=0.500, hardware_electronics=0.809, health=0.851, other=0.494, toys=0.381
2026-08-12 22:06:44,839 | INFO | MainThread | epoch 181 dev st3 per-label F1: age_restricted_or_prohibited_product=0.560, direct_exhortation=0.161, hfss_food_marketing=0.444, inadequate_disclosure=0.271, insufficient_context=0.435, misleading_claim=0.755, no_flag=0.538, undisclosed_advertising=0.580
2026-08-12 22:06:44,839 | INFO | MainThread | epoch 181 dev st3_family per-label F1: content=0.750, disclosure=0.572, housekeeping=0.556, product=0.529
2026-08-12 22:08:20,688 | INFO | MainThread | epoch 182: mean train loss = 0.0003
2026-08-12 22:08:29,661 | INFO | MainThread | epoch 182 dev metrics (tuned thresholds): st1_macro_f1=0.638, st2_macro_f1=0.647, st3_macro_f1=0.462, st3_family_macro_f1=0.606, mean_macro_f1=0.582
2026-08-12 22:08:29,661 | INFO | MainThread | epoch 182 dev st1 per-label F1: digital_content_or_services=0.873, none=0.125, physical_goods=0.862, physical_services=0.694
2026-08-12 22:08:29,662 | INFO | MainThread | epoch 182 dev st2 per-label F1: apps=0.761, creator_community=0.528, education=0.593, fashion=0.580, financial=0.750, food=0.845, gambling=0.727, gambling_adjacent=0.489, hardware_electronics=0.813, health=0.819, other=0.478, toys=0.381
2026-08-12 22:08:29,662 | INFO | MainThread | epoch 182 dev st3 per-label F1: age_restricted_or_prohibited_product=0.560, direct_exhortation=0.158, hfss_food_marketing=0.400, inadequate_disclosure=0.267, insufficient_context=0.400, misleading_claim=0.757, no_flag=0.556, undisclosed_advertising=0.597
2026-08-12 22:08:29,662 | INFO | MainThread | epoch 182 dev st3_family per-label F1: content=0.747, disclosure=0.581, housekeeping=0.581, product=0.513
2026-08-12 22:10:05,541 | INFO | MainThread | epoch 183: mean train loss = 0.0002
2026-08-12 22:10:14,365 | INFO | MainThread | epoch 183 dev metrics (tuned thresholds): st1_macro_f1=0.698, st2_macro_f1=0.647, st3_macro_f1=0.471, st3_family_macro_f1=0.610, mean_macro_f1=0.605
2026-08-12 22:10:14,366 | INFO | MainThread | epoch 183 dev st1 per-label F1: digital_content_or_services=0.873, none=0.333, physical_goods=0.862, physical_services=0.723
2026-08-12 22:10:14,366 | INFO | MainThread | epoch 183 dev st2 per-label F1: apps=0.766, creator_community=0.518, education=0.615, fashion=0.577, financial=0.750, food=0.845, gambling=0.727, gambling_adjacent=0.489, hardware_electronics=0.815, health=0.819, other=0.481, toys=0.364
2026-08-12 22:10:14,366 | INFO | MainThread | epoch 183 dev st3 per-label F1: age_restricted_or_prohibited_product=0.560, direct_exhortation=0.173, hfss_food_marketing=0.444, inadequate_disclosure=0.264, insufficient_context=0.417, misleading_claim=0.764, no_flag=0.551, undisclosed_advertising=0.597
2026-08-12 22:10:14,366 | INFO | MainThread | epoch 183 dev st3_family per-label F1: content=0.755, disclosure=0.584, housekeeping=0.573, product=0.529
2026-08-12 22:11:50,361 | INFO | MainThread | epoch 184: mean train loss = 0.0002
2026-08-12 22:11:59,239 | INFO | MainThread | epoch 184 dev metrics (tuned thresholds): st1_macro_f1=0.700, st2_macro_f1=0.655, st3_macro_f1=0.473, st3_family_macro_f1=0.605, mean_macro_f1=0.609
2026-08-12 22:11:59,239 | INFO | MainThread | epoch 184 dev st1 per-label F1: digital_content_or_services=0.870, none=0.333, physical_goods=0.858, physical_services=0.739
2026-08-12 22:11:59,239 | INFO | MainThread | epoch 184 dev st2 per-label F1: apps=0.767, creator_community=0.525, education=0.615, fashion=0.586, financial=0.750, food=0.845, gambling=0.800, gambling_adjacent=0.500, hardware_electronics=0.809, health=0.819, other=0.485, toys=0.353
2026-08-12 22:11:59,239 | INFO | MainThread | epoch 184 dev st3 per-label F1: age_restricted_or_prohibited_product=0.560, direct_exhortation=0.169, hfss_food_marketing=0.444, inadequate_disclosure=0.270, insufficient_context=0.444, misleading_claim=0.753, no_flag=0.544, undisclosed_advertising=0.599
2026-08-12 22:11:59,239 | INFO | MainThread | epoch 184 dev st3_family per-label F1: content=0.746, disclosure=0.585, housekeeping=0.557, product=0.529
2026-08-12 22:13:35,325 | INFO | MainThread | epoch 185: mean train loss = 0.0002
2026-08-12 22:13:44,104 | INFO | MainThread | epoch 185 dev metrics (tuned thresholds): st1_macro_f1=0.697, st2_macro_f1=0.654, st3_macro_f1=0.475, st3_family_macro_f1=0.611, mean_macro_f1=0.608
2026-08-12 22:13:44,105 | INFO | MainThread | epoch 185 dev st1 per-label F1: digital_content_or_services=0.873, none=0.316, physical_goods=0.862, physical_services=0.739
2026-08-12 22:13:44,105 | INFO | MainThread | epoch 185 dev st2 per-label F1: apps=0.770, creator_community=0.527, education=0.615, fashion=0.580, financial=0.732, food=0.845, gambling=0.800, gambling_adjacent=0.500, hardware_electronics=0.812, health=0.835, other=0.475, toys=0.353
2026-08-12 22:13:44,105 | INFO | MainThread | epoch 185 dev st3 per-label F1: age_restricted_or_prohibited_product=0.560, direct_exhortation=0.167, hfss_food_marketing=0.444, inadequate_disclosure=0.267, insufficient_context=0.455, misleading_claim=0.761, no_flag=0.546, undisclosed_advertising=0.597
2026-08-12 22:13:44,105 | INFO | MainThread | epoch 185 dev st3_family per-label F1: content=0.753, disclosure=0.587, housekeeping=0.572, product=0.529
2026-08-12 22:15:20,025 | INFO | MainThread | epoch 186: mean train loss = 0.0002
2026-08-12 22:15:28,891 | INFO | MainThread | epoch 186 dev metrics (tuned thresholds): st1_macro_f1=0.704, st2_macro_f1=0.659, st3_macro_f1=0.459, st3_family_macro_f1=0.609, mean_macro_f1=0.607
2026-08-12 22:15:28,891 | INFO | MainThread | epoch 186 dev st1 per-label F1: digital_content_or_services=0.879, none=0.333, physical_goods=0.866, physical_services=0.739
2026-08-12 22:15:28,891 | INFO | MainThread | epoch 186 dev st2 per-label F1: apps=0.771, creator_community=0.530, education=0.615, fashion=0.585, financial=0.750, food=0.845, gambling=0.800, gambling_adjacent=0.524, hardware_electronics=0.812, health=0.835, other=0.485, toys=0.353
2026-08-12 22:15:28,891 | INFO | MainThread | epoch 186 dev st3 per-label F1: age_restricted_or_prohibited_product=0.560, direct_exhortation=0.156, hfss_food_marketing=0.444, inadequate_disclosure=0.263, insufficient_context=0.333, misleading_claim=0.766, no_flag=0.551, undisclosed_advertising=0.597
2026-08-12 22:15:28,891 | INFO | MainThread | epoch 186 dev st3_family per-label F1: content=0.761, disclosure=0.578, housekeeping=0.569, product=0.529
2026-08-12 22:17:04,882 | INFO | MainThread | epoch 187: mean train loss = 0.0003
2026-08-12 22:17:13,662 | INFO | MainThread | epoch 187 dev metrics (tuned thresholds): st1_macro_f1=0.703, st2_macro_f1=0.655, st3_macro_f1=0.471, st3_family_macro_f1=0.610, mean_macro_f1=0.610
2026-08-12 22:17:13,662 | INFO | MainThread | epoch 187 dev st1 per-label F1: digital_content_or_services=0.878, none=0.333, physical_goods=0.862, physical_services=0.739
2026-08-12 22:17:13,662 | INFO | MainThread | epoch 187 dev st2 per-label F1: apps=0.774, creator_community=0.522, education=0.593, fashion=0.583, financial=0.750, food=0.845, gambling=0.800, gambling_adjacent=0.500, hardware_electronics=0.809, health=0.835, other=0.494, toys=0.353
2026-08-12 22:17:13,662 | INFO | MainThread | epoch 187 dev st3 per-label F1: age_restricted_or_prohibited_product=0.583, direct_exhortation=0.173, hfss_food_marketing=0.444, inadequate_disclosure=0.263, insufficient_context=0.400, misleading_claim=0.762, no_flag=0.542, undisclosed_advertising=0.603
2026-08-12 22:17:13,662 | INFO | MainThread | epoch 187 dev st3_family per-label F1: content=0.760, disclosure=0.581, housekeeping=0.553, product=0.545
2026-08-12 22:18:49,586 | INFO | MainThread | epoch 188: mean train loss = 0.0002
2026-08-12 22:18:58,307 | INFO | MainThread | epoch 188 dev metrics (tuned thresholds): st1_macro_f1=0.708, st2_macro_f1=0.653, st3_macro_f1=0.472, st3_family_macro_f1=0.608, mean_macro_f1=0.611
2026-08-12 22:18:58,307 | INFO | MainThread | epoch 188 dev st1 per-label F1: digital_content_or_services=0.879, none=0.333, physical_goods=0.864, physical_services=0.756
2026-08-12 22:18:58,307 | INFO | MainThread | epoch 188 dev st2 per-label F1: apps=0.774, creator_community=0.525, education=0.593, fashion=0.577, financial=0.750, food=0.845, gambling=0.800, gambling_adjacent=0.500, hardware_electronics=0.815, health=0.835, other=0.465, toys=0.353
2026-08-12 22:18:58,307 | INFO | MainThread | epoch 188 dev st3 per-label F1: age_restricted_or_prohibited_product=0.560, direct_exhortation=0.175, hfss_food_marketing=0.444, inadequate_disclosure=0.257, insufficient_context=0.421, misleading_claim=0.767, no_flag=0.555, undisclosed_advertising=0.594
2026-08-12 22:18:58,307 | INFO | MainThread | epoch 188 dev st3_family per-label F1: content=0.765, disclosure=0.576, housekeeping=0.560, product=0.529
2026-08-12 22:20:34,631 | INFO | MainThread | epoch 189: mean train loss = 0.0004
2026-08-12 22:20:43,416 | INFO | MainThread | epoch 189 dev metrics (tuned thresholds): st1_macro_f1=0.670, st2_macro_f1=0.652, st3_macro_f1=0.444, st3_family_macro_f1=0.611, mean_macro_f1=0.589
2026-08-12 22:20:43,416 | INFO | MainThread | epoch 189 dev st1 per-label F1: digital_content_or_services=0.872, none=0.222, physical_goods=0.862, physical_services=0.723
2026-08-12 22:20:43,416 | INFO | MainThread | epoch 189 dev st2 per-label F1: apps=0.764, creator_community=0.538, education=0.593, fashion=0.577, financial=0.732, food=0.845, gambling=0.800, gambling_adjacent=0.488, hardware_electronics=0.815, health=0.835, other=0.461, toys=0.375
2026-08-12 22:20:43,417 | INFO | MainThread | epoch 189 dev st3 per-label F1: age_restricted_or_prohibited_product=0.560, direct_exhortation=0.155, hfss_food_marketing=0.444, inadequate_disclosure=0.249, insufficient_context=0.216, misleading_claim=0.773, no_flag=0.564, undisclosed_advertising=0.593
2026-08-12 22:20:43,417 | INFO | MainThread | epoch 189 dev st3_family per-label F1: content=0.771, disclosure=0.570, housekeeping=0.574, product=0.529
2026-08-12 22:22:19,356 | INFO | MainThread | epoch 190: mean train loss = 0.0003
2026-08-12 22:22:28,097 | INFO | MainThread | epoch 190 dev metrics (tuned thresholds): st1_macro_f1=0.690, st2_macro_f1=0.657, st3_macro_f1=0.447, st3_family_macro_f1=0.608, mean_macro_f1=0.598
2026-08-12 22:22:28,098 | INFO | MainThread | epoch 190 dev st1 per-label F1: digital_content_or_services=0.874, none=0.300, physical_goods=0.864, physical_services=0.723
2026-08-12 22:22:28,098 | INFO | MainThread | epoch 190 dev st2 per-label F1: apps=0.765, creator_community=0.551, education=0.615, fashion=0.577, financial=0.750, food=0.845, gambling=0.800, gambling_adjacent=0.500, hardware_electronics=0.812, health=0.827, other=0.470, toys=0.375
2026-08-12 22:22:28,098 | INFO | MainThread | epoch 190 dev st3 per-label F1: age_restricted_or_prohibited_product=0.560, direct_exhortation=0.172, hfss_food_marketing=0.444, inadequate_disclosure=0.246, insufficient_context=0.222, misleading_claim=0.775, no_flag=0.564, undisclosed_advertising=0.593
2026-08-12 22:22:28,098 | INFO | MainThread | epoch 190 dev st3_family per-label F1: content=0.768, disclosure=0.566, housekeeping=0.570, product=0.529
2026-08-12 22:24:04,227 | INFO | MainThread | epoch 191: mean train loss = 0.0002
2026-08-12 22:24:13,100 | INFO | MainThread | epoch 191 dev metrics (tuned thresholds): st1_macro_f1=0.702, st2_macro_f1=0.651, st3_macro_f1=0.451, st3_family_macro_f1=0.606, mean_macro_f1=0.601
2026-08-12 22:24:13,100 | INFO | MainThread | epoch 191 dev st1 per-label F1: digital_content_or_services=0.874, none=0.333, physical_goods=0.862, physical_services=0.739
2026-08-12 22:24:13,100 | INFO | MainThread | epoch 191 dev st2 per-label F1: apps=0.769, creator_community=0.522, education=0.593, fashion=0.577, financial=0.750, food=0.845, gambling=0.800, gambling_adjacent=0.486, hardware_electronics=0.815, health=0.827, other=0.471, toys=0.353
2026-08-12 22:24:13,100 | INFO | MainThread | epoch 191 dev st3 per-label F1: age_restricted_or_prohibited_product=0.560, direct_exhortation=0.171, hfss_food_marketing=0.444, inadequate_disclosure=0.248, insufficient_context=0.258, misleading_claim=0.773, no_flag=0.562, undisclosed_advertising=0.593
2026-08-12 22:24:13,100 | INFO | MainThread | epoch 191 dev st3_family per-label F1: content=0.762, disclosure=0.568, housekeeping=0.564, product=0.529
2026-08-12 22:25:48,959 | INFO | MainThread | epoch 192: mean train loss = 0.0003
2026-08-12 22:25:57,720 | INFO | MainThread | epoch 192 dev metrics (tuned thresholds): st1_macro_f1=0.705, st2_macro_f1=0.653, st3_macro_f1=0.466, st3_family_macro_f1=0.606, mean_macro_f1=0.608
2026-08-12 22:25:57,720 | INFO | MainThread | epoch 192 dev st1 per-label F1: digital_content_or_services=0.873, none=0.333, physical_goods=0.858, physical_services=0.756
2026-08-12 22:25:57,720 | INFO | MainThread | epoch 192 dev st2 per-label F1: apps=0.769, creator_community=0.531, education=0.593, fashion=0.571, financial=0.732, food=0.845, gambling=0.800, gambling_adjacent=0.500, hardware_electronics=0.812, health=0.835, other=0.468, toys=0.375
2026-08-12 22:25:57,720 | INFO | MainThread | epoch 192 dev st3 per-label F1: age_restricted_or_prohibited_product=0.560, direct_exhortation=0.172, hfss_food_marketing=0.444, inadequate_disclosure=0.254, insufficient_context=0.381, misleading_claim=0.758, no_flag=0.560, undisclosed_advertising=0.597
2026-08-12 22:25:57,720 | INFO | MainThread | epoch 192 dev st3_family per-label F1: content=0.747, disclosure=0.574, housekeeping=0.573, product=0.529
2026-08-12 22:27:33,779 | INFO | MainThread | epoch 193: mean train loss = 0.0002
2026-08-12 22:27:42,645 | INFO | MainThread | epoch 193 dev metrics (tuned thresholds): st1_macro_f1=0.703, st2_macro_f1=0.654, st3_macro_f1=0.449, st3_family_macro_f1=0.614, mean_macro_f1=0.602
2026-08-12 22:27:42,646 | INFO | MainThread | epoch 193 dev st1 per-label F1: digital_content_or_services=0.877, none=0.333, physical_goods=0.864, physical_services=0.739
2026-08-12 22:27:42,646 | INFO | MainThread | epoch 193 dev st2 per-label F1: apps=0.766, creator_community=0.534, education=0.593, fashion=0.577, financial=0.750, food=0.845, gambling=0.800, gambling_adjacent=0.500, hardware_electronics=0.812, health=0.835, other=0.462, toys=0.375
2026-08-12 22:27:42,646 | INFO | MainThread | epoch 193 dev st3 per-label F1: age_restricted_or_prohibited_product=0.560, direct_exhortation=0.177, hfss_food_marketing=0.444, inadequate_disclosure=0.230, insufficient_context=0.276, misleading_claim=0.776, no_flag=0.559, undisclosed_advertising=0.573
2026-08-12 22:27:42,646 | INFO | MainThread | epoch 193 dev st3_family per-label F1: content=0.768, disclosure=0.580, housekeeping=0.578, product=0.529
2026-08-12 22:29:18,659 | INFO | MainThread | epoch 194: mean train loss = 0.0002
2026-08-12 22:29:27,397 | INFO | MainThread | epoch 194 dev metrics (tuned thresholds): st1_macro_f1=0.707, st2_macro_f1=0.653, st3_macro_f1=0.455, st3_family_macro_f1=0.611, mean_macro_f1=0.605
2026-08-12 22:29:27,397 | INFO | MainThread | epoch 194 dev st1 per-label F1: digital_content_or_services=0.876, none=0.333, physical_goods=0.862, physical_services=0.756
2026-08-12 22:29:27,397 | INFO | MainThread | epoch 194 dev st2 per-label F1: apps=0.766, creator_community=0.525, education=0.593, fashion=0.571, financial=0.750, food=0.845, gambling=0.800, gambling_adjacent=0.500, hardware_electronics=0.809, health=0.835, other=0.462, toys=0.375
2026-08-12 22:29:27,397 | INFO | MainThread | epoch 194 dev st3 per-label F1: age_restricted_or_prohibited_product=0.538, direct_exhortation=0.175, hfss_food_marketing=0.444, inadequate_disclosure=0.237, insufficient_context=0.333, misleading_claim=0.770, no_flag=0.553, undisclosed_advertising=0.586
2026-08-12 22:29:27,397 | INFO | MainThread | epoch 194 dev st3_family per-label F1: content=0.764, disclosure=0.587, housekeeping=0.577, product=0.514
2026-08-12 22:31:03,563 | INFO | MainThread | epoch 195: mean train loss = 0.0002
2026-08-12 22:31:12,471 | INFO | MainThread | epoch 195 dev metrics (tuned thresholds): st1_macro_f1=0.709, st2_macro_f1=0.655, st3_macro_f1=0.442, st3_family_macro_f1=0.608, mean_macro_f1=0.602
2026-08-12 22:31:12,471 | INFO | MainThread | epoch 195 dev st1 per-label F1: digital_content_or_services=0.881, none=0.333, physical_goods=0.866, physical_services=0.756
2026-08-12 22:31:12,471 | INFO | MainThread | epoch 195 dev st2 per-label F1: apps=0.768, creator_community=0.536, education=0.593, fashion=0.574, financial=0.750, food=0.845, gambling=0.800, gambling_adjacent=0.513, hardware_electronics=0.809, health=0.835, other=0.459, toys=0.375
2026-08-12 22:31:12,471 | INFO | MainThread | epoch 195 dev st3 per-label F1: age_restricted_or_prohibited_product=0.538, direct_exhortation=0.179, hfss_food_marketing=0.400, inadequate_disclosure=0.247, insufficient_context=0.242, misleading_claim=0.771, no_flag=0.553, undisclosed_advertising=0.603
2026-08-12 22:31:12,471 | INFO | MainThread | epoch 195 dev st3_family per-label F1: content=0.767, disclosure=0.576, housekeeping=0.578, product=0.513
2026-08-12 22:32:48,520 | INFO | MainThread | epoch 196: mean train loss = 0.0002
2026-08-12 22:32:57,300 | INFO | MainThread | epoch 196 dev metrics (tuned thresholds): st1_macro_f1=0.708, st2_macro_f1=0.654, st3_macro_f1=0.447, st3_family_macro_f1=0.609, mean_macro_f1=0.603
2026-08-12 22:32:57,300 | INFO | MainThread | epoch 196 dev st1 per-label F1: digital_content_or_services=0.879, none=0.333, physical_goods=0.864, physical_services=0.756
2026-08-12 22:32:57,300 | INFO | MainThread | epoch 196 dev st2 per-label F1: apps=0.766, creator_community=0.542, education=0.593, fashion=0.579, financial=0.750, food=0.845, gambling=0.800, gambling_adjacent=0.500, hardware_electronics=0.805, health=0.835, other=0.462, toys=0.375
2026-08-12 22:32:57,300 | INFO | MainThread | epoch 196 dev st3 per-label F1: age_restricted_or_prohibited_product=0.538, direct_exhortation=0.174, hfss_food_marketing=0.444, inadequate_disclosure=0.243, insufficient_context=0.258, misleading_claim=0.771, no_flag=0.553, undisclosed_advertising=0.596
2026-08-12 22:32:57,300 | INFO | MainThread | epoch 196 dev st3_family per-label F1: content=0.766, disclosure=0.582, housekeeping=0.575, product=0.514
2026-08-12 22:34:34,578 | INFO | MainThread | epoch 197: mean train loss = 0.0002
2026-08-12 22:34:43,654 | INFO | MainThread | epoch 197 dev metrics (tuned thresholds): st1_macro_f1=0.703, st2_macro_f1=0.655, st3_macro_f1=0.442, st3_family_macro_f1=0.602, mean_macro_f1=0.600
2026-08-12 22:34:43,654 | INFO | MainThread | epoch 197 dev st1 per-label F1: digital_content_or_services=0.876, none=0.333, physical_goods=0.864, physical_services=0.739
2026-08-12 22:34:43,654 | INFO | MainThread | epoch 197 dev st2 per-label F1: apps=0.766, creator_community=0.536, education=0.593, fashion=0.571, financial=0.750, food=0.845, gambling=0.800, gambling_adjacent=0.513, hardware_electronics=0.812, health=0.835, other=0.462, toys=0.375
2026-08-12 22:34:43,654 | INFO | MainThread | epoch 197 dev st3 per-label F1: age_restricted_or_prohibited_product=0.538, direct_exhortation=0.171, hfss_food_marketing=0.400, inadequate_disclosure=0.247, insufficient_context=0.267, misleading_claim=0.771, no_flag=0.553, undisclosed_advertising=0.590
2026-08-12 22:34:43,654 | INFO | MainThread | epoch 197 dev st3_family per-label F1: content=0.763, disclosure=0.577, housekeeping=0.570, product=0.500
2026-08-12 22:36:21,646 | INFO | MainThread | epoch 198: mean train loss = 0.0002
2026-08-12 22:36:30,522 | INFO | MainThread | epoch 198 dev metrics (tuned thresholds): st1_macro_f1=0.703, st2_macro_f1=0.655, st3_macro_f1=0.459, st3_family_macro_f1=0.607, mean_macro_f1=0.606
2026-08-12 22:36:30,522 | INFO | MainThread | epoch 198 dev st1 per-label F1: digital_content_or_services=0.876, none=0.333, physical_goods=0.864, physical_services=0.739
2026-08-12 22:36:30,522 | INFO | MainThread | epoch 198 dev st2 per-label F1: apps=0.766, creator_community=0.525, education=0.593, fashion=0.571, financial=0.750, food=0.845, gambling=0.800, gambling_adjacent=0.513, hardware_electronics=0.812, health=0.835, other=0.473, toys=0.375
2026-08-12 22:36:30,522 | INFO | MainThread | epoch 198 dev st3 per-label F1: age_restricted_or_prohibited_product=0.560, direct_exhortation=0.175, hfss_food_marketing=0.444, inadequate_disclosure=0.249, insufficient_context=0.333, misleading_claim=0.764, no_flag=0.553, undisclosed_advertising=0.593
2026-08-12 22:36:30,522 | INFO | MainThread | epoch 198 dev st3_family per-label F1: content=0.767, disclosure=0.564, housekeeping=0.569, product=0.529
2026-08-12 22:38:08,804 | INFO | MainThread | epoch 199: mean train loss = 0.0002
2026-08-12 22:38:17,887 | INFO | MainThread | epoch 199 dev metrics (tuned thresholds): st1_macro_f1=0.675, st2_macro_f1=0.654, st3_macro_f1=0.457, st3_family_macro_f1=0.604, mean_macro_f1=0.595
2026-08-12 22:38:17,887 | INFO | MainThread | epoch 199 dev st1 per-label F1: digital_content_or_services=0.875, none=0.235, physical_goods=0.866, physical_services=0.723
2026-08-12 22:38:17,888 | INFO | MainThread | epoch 199 dev st2 per-label F1: apps=0.766, creator_community=0.521, education=0.593, fashion=0.571, financial=0.750, food=0.845, gambling=0.800, gambling_adjacent=0.513, hardware_electronics=0.812, health=0.835, other=0.471, toys=0.375
2026-08-12 22:38:17,888 | INFO | MainThread | epoch 199 dev st3 per-label F1: age_restricted_or_prohibited_product=0.538, direct_exhortation=0.175, hfss_food_marketing=0.444, inadequate_disclosure=0.255, insufficient_context=0.333, misleading_claim=0.765, no_flag=0.553, undisclosed_advertising=0.593
2026-08-12 22:38:17,888 | INFO | MainThread | epoch 199 dev st3_family per-label F1: content=0.769, disclosure=0.565, housekeeping=0.569, product=0.514
2026-08-12 22:39:55,930 | INFO | MainThread | epoch 200: mean train loss = 0.0002
2026-08-12 22:40:04,915 | INFO | MainThread | epoch 200 dev metrics (tuned thresholds): st1_macro_f1=0.675, st2_macro_f1=0.654, st3_macro_f1=0.460, st3_family_macro_f1=0.608, mean_macro_f1=0.596
2026-08-12 22:40:04,915 | INFO | MainThread | epoch 200 dev st1 per-label F1: digital_content_or_services=0.875, none=0.235, physical_goods=0.866, physical_services=0.723
2026-08-12 22:40:04,915 | INFO | MainThread | epoch 200 dev st2 per-label F1: apps=0.766, creator_community=0.522, education=0.593, fashion=0.571, financial=0.750, food=0.845, gambling=0.800, gambling_adjacent=0.513, hardware_electronics=0.812, health=0.835, other=0.471, toys=0.375
2026-08-12 22:40:04,915 | INFO | MainThread | epoch 200 dev st3 per-label F1: age_restricted_or_prohibited_product=0.560, direct_exhortation=0.175, hfss_food_marketing=0.444, inadequate_disclosure=0.255, insufficient_context=0.333, misleading_claim=0.765, no_flag=0.553, undisclosed_advertising=0.593
2026-08-12 22:40:04,916 | INFO | MainThread | epoch 200 dev st3_family per-label F1: content=0.769, disclosure=0.565, housekeeping=0.569, product=0.529
2026-08-12 22:40:04,964 | INFO | MainThread | saved final epoch adapter to runs/lora_legalbert/last (best dev mean_macro_f1=0.639)
